"Authors","Author full names","Author(s) ID","Title","Year","Source title","Volume","Issue","Art. No.","Page start","Page end","Page count","Cited by","DOI","Link","Document Type","Publication Stage","Open Access","Source","EID"
"Van Adrichem R.A.; Debeij J.; Nelissen R.G.H.H.; Schipper I.B.; Rosendaal F.R.; Cannegieter S.C.","Van Adrichem, R.A. (14833437500); Debeij, J. (37099720900); Nelissen, R.G.H.H. (7003970921); Schipper, I.B. (7004341185); Rosendaal, F.R. (7004174530); Cannegieter, Suzanne C. (6603381281)","14833437500; 37099720900; 7003970921; 7004341185; 7004174530; 6603381281","Below-knee cast immobilization and the risk of venous thrombosis: Results from a large population-based case-control study","2014","Journal of Thrombosis and Haemostasis","12","9","","1461","1469","8","51","10.1111/jth.12655","https://www.scopus.com/inward/record.uri?eid=2-s2.0-84908488264&doi=10.1111%2fjth.12655&partnerID=40&md5=da5e73d44c102c99d266fa7986276bf0","Article","Final","All Open Access; Bronze Open Access","Scopus","2-s2.0-84908488264"
"Sone H.; Nakagami T.; Nishimura R.; Tajima N.","Sone, Hirohito (7102062650); Nakagami, Tomoko (7006023112); Nishimura, Rimei (7201416793); Tajima, Naoko (7102220992)","7102062650; 7006023112; 7201416793; 7102220992","Comparison of lipid parameters to predict cardiovascular events in Japanese mild-to-moderate hypercholesterolemic patients with and without type 2 diabetes: Subanalysis of the MEGA study","2016","Diabetes Research and Clinical Practice","113","","","14","22","8","24","10.1016/j.diabres.2015.12.002","https://www.scopus.com/inward/record.uri?eid=2-s2.0-84960172965&doi=10.1016%2fj.diabres.2015.12.002&partnerID=40&md5=4d5f480f691201b6ccc69085922343a7","Article","Final","All Open Access; Hybrid Gold Open Access","Scopus","2-s2.0-84960172965"
"Perry C.","Perry, Conrad (7402124610)","7402124610","Graphemes are used when reading: Evidence from Monte Carlo simulation using word norms from mega-studies","2023","Quarterly Journal of Experimental Psychology","76","2","","419","428","9","3","10.1177/17470218221086533","https://www.scopus.com/inward/record.uri?eid=2-s2.0-85127819197&doi=10.1177%2f17470218221086533&partnerID=40&md5=7de55530e99863418a0c494ebf28ec59","Article","Final","","Scopus","2-s2.0-85127819197"
"Strandberg T.E.","Strandberg, Timo E (56883049500)","56883049500","The MEGA study","2006","Lancet","368","9552","","2051","2052","1","0","10.1016/S0140-6736(06)69831-0","https://www.scopus.com/inward/record.uri?eid=2-s2.0-33845225349&doi=10.1016%2fS0140-6736%2806%2969831-0&partnerID=40&md5=5de70b78eab44ebdbeeadd06568be1b7","Letter","Final","","Scopus","2-s2.0-33845225349"
"Teramukai S.; Okuda Y.; Miyazaki S.; Kawamori R.; Shirayama M.; Teramoto T.","Teramukai, Satoshi (6603068974); Okuda, Yasuyuki (56071698900); Miyazaki, Shigeru (55422431900); Kawamori, Ryuzo (35371089600); Shirayama, Masayuki (55516196200); Teramoto, Tamio (7102939543)","6603068974; 56071698900; 55422431900; 35371089600; 55516196200; 7102939543","Dynamic prediction model and risk assessment chart for cardiovascular disease based on on-treatment blood pressure and baseline risk factors","2016","Hypertension Research","39","2","","113","118","5","16","10.1038/hr.2015.120","https://www.scopus.com/inward/record.uri?eid=2-s2.0-84957699889&doi=10.1038%2fhr.2015.120&partnerID=40&md5=821b2be9a221e449e89ec0be5920be6a","Article","Final","All Open Access; Green Open Access; Hybrid Gold Open Access","Scopus","2-s2.0-84957699889"
"Meinertz T.; Goette A.; Kirchhof P.; Treszl A.; Wegscheider K.","Meinertz, Thomas (55303837200); Goette, A. (7003555566); Kirchhof, P. (7004270127); Treszl, A. (6603579051); Wegscheider, K. (55270657700)","55303837200; 7003555566; 7004270127; 6603579051; 55270657700","Antiarrhythmic drug therapy after cardioversion - Comparison of short-term and long-term studies; [Antiarrhythmische pharmakotherapie - Das AFNET und die folgestudien]","2012","Nervenheilkunde","31","11","","826","829","3","1","10.1055/s-0038-1628228","https://www.scopus.com/inward/record.uri?eid=2-s2.0-84870005650&doi=10.1055%2fs-0038-1628228&partnerID=40&md5=6b89e889a64a6ec26701ae48e8b6e0c0","Short survey","Final","","Scopus","2-s2.0-84870005650"
"Uchiyama S.; Nakaya N.; Mizuno K.; Ohashi Y.; Tajima N.; Kushiro T.; Teramoto T.; Nakamura H.","Uchiyama, Shinichiro (55447042900); Nakaya, Noriaki (55374933400); Mizuno, Kyoichi (56799740800); Ohashi, Yasuo (55237387500); Tajima, Naoko (7102220992); Kushiro, Toshio (55372479000); Teramoto, Tamio (7102939543); Nakamura, Haruo (57192332842)","55447042900; 55374933400; 56799740800; 55237387500; 7102220992; 55372479000; 7102939543; 57192332842","Risk factors for stroke and lipid-lowering effect of pravastatin on the risk of stroke in Japanese patients with hypercholesterolemia: Analysis of data from the MEGA Study, a large randomized controlled trial","2009","Journal of the Neurological Sciences","284","1-2","","72","76","4","27","10.1016/j.jns.2009.04.002","https://www.scopus.com/inward/record.uri?eid=2-s2.0-67849135072&doi=10.1016%2fj.jns.2009.04.002&partnerID=40&md5=a460a464266c08c864d23a91adb43ed6","Article","Final","","Scopus","2-s2.0-67849135072"
"Nemeth B.; Adrichem R.A.V.; Hylckama Vlieg A.V.; Bucciarelli P.; Martinelli I.; Baglin T.; Rosendaal F.R.; Cessie S.L.; Cannegieter S.C.","Nemeth, Banne (56995771500); Adrichem, Raymond A. van (56996184100); Hylckama Vlieg, Astrid van (56996175000); Bucciarelli, Paolo (6603790065); Martinelli, Ida (57192325146); Baglin, Trevor (18033283300); Rosendaal, Frits R. (7004174530); Cessie, Saskia le (14526750900); Cannegieter, Suzanne C. (6603381281)","56995771500; 56996184100; 56996175000; 6603790065; 57192325146; 18033283300; 7004174530; 14526750900; 6603381281","Venous Thrombosis Risk after Cast Immobilization of the Lower Extremity: Derivation and Validation of a Clinical Prediction Score, L-TRiP(cast), in Three Population-Based Case–Control Studies","2015","PLoS Medicine","12","11","e1001899","","","20","43","10.1371/journal.pmed.1001899","https://www.scopus.com/inward/record.uri?eid=2-s2.0-84949424081&doi=10.1371%2fjournal.pmed.1001899&partnerID=40&md5=851ca5bf8d93dbd57134cbf8a4566c0b","Article","Final","All Open Access; Gold Open Access; Green Open Access","Scopus","2-s2.0-84949424081"
"Nakaya N.; Mizuno K.; Ohashi Y.; Teramoto T.; Yokoyama S.; Hirahara K.; Mizutani M.; Nakamura H.","Nakaya, Noriaki (55374933400); Mizuno, Kyoichi (56799740800); Ohashi, Yasuo (55237387500); Teramoto, Tamio (7102939543); Yokoyama, Shinji (7402757936); Hirahara, Katsumi (52463759500); Mizutani, Masahiro (58348538700); Nakamura, Haruo (57192332842)","55374933400; 56799740800; 55237387500; 7102939543; 7402757936; 52463759500; 58348538700; 57192332842","Low-dose pravastatin and age-related differences in risk factors for cardiovascular disease in hypercholesterolaemic Japanese: Analysis of the management of elevated cholesterol in the primary prevention group of adult Japanese (MEGA Study)","2011","Drugs and Aging","28","9","","681","692","11","29","10.2165/11595620-000000000-00000","https://www.scopus.com/inward/record.uri?eid=2-s2.0-80052851569&doi=10.2165%2f11595620-000000000-00000&partnerID=40&md5=0f1e26eda9a76013db01bada280cc032","Article","Final","","Scopus","2-s2.0-80052851569"
"Pexman P.M.; Heard A.; Lloyd E.; Yap M.J.","Pexman, Penny M. (6603723438); Heard, Alison (56031558200); Lloyd, Ellen (57158980000); Yap, Melvin J. (35323374500)","6603723438; 56031558200; 57158980000; 35323374500","The Calgary semantic decision project: concrete/abstract decision data for 10,000 English words","2017","Behavior Research Methods","49","2","","407","417","10","65","10.3758/s13428-016-0720-6","https://www.scopus.com/inward/record.uri?eid=2-s2.0-84960172318&doi=10.3758%2fs13428-016-0720-6&partnerID=40&md5=0a187d00c2c85766f7d39102a8c61daf","Article","Final","All Open Access; Bronze Open Access","Scopus","2-s2.0-84960172318"
"Schmidtke D.; Van Dyke J.A.; Kuperman V.","Schmidtke, Daniel (55603777700); Van Dyke, Julie A. (7006497836); Kuperman, Victor (16199469500)","55603777700; 7006497836; 16199469500","CompLex: an eye-movement database of compound word reading in English","2021","Behavior Research Methods","53","1","","59","77","18","15","10.3758/s13428-020-01397-1","https://www.scopus.com/inward/record.uri?eid=2-s2.0-85086782717&doi=10.3758%2fs13428-020-01397-1&partnerID=40&md5=2c28611077a5c7cf514496989bb4d267","Article","Final","All Open Access; Bronze Open Access; Green Open Access","Scopus","2-s2.0-85086782717"
"","","","Successful mega-studies in heart patients: Cardioprotective property of valsartan; [Erfolgreiche megastudien beim herzpatienten: Valsartan besitzt kardioprotektive potenz]","2006","MMW-Fortschritte der Medizin","148","5","","48","49","1","0","","https://www.scopus.com/inward/record.uri?eid=2-s2.0-33644634885&partnerID=40&md5=20c2a211d45599912f3b50ee324286a6","Short survey","Final","","Scopus","2-s2.0-33644634885"
"Nakamura H.; Mizuno K.","Nakamura, Haruo (57192332842); Mizuno, Kyoichi (56799740800)","57192332842; 56799740800","Cardiovascular and cancer events in hyper-high-density lipoprotein cholesterolemic patients: A post hoc analysis of the MEGA study","2014","Lipids in Health and Disease","13","1","133","","","","3","10.1186/1476-511X-13-133","https://www.scopus.com/inward/record.uri?eid=2-s2.0-84907058969&doi=10.1186%2f1476-511X-13-133&partnerID=40&md5=5485fc888a5bb13bc894bc68b843cad0","Article","Final","All Open Access; Gold Open Access; Green Open Access","Scopus","2-s2.0-84907058969"
"Clifford S.; Rainey C.","Clifford, Scott (56487218300); Rainey, Carlisle (56059236800)","56487218300; 56059236800","Estimators for Topic-Sampling Designs","2024","Political Analysis","","","","","","","1","10.1017/pan.2024.1","https://www.scopus.com/inward/record.uri?eid=2-s2.0-85193046317&doi=10.1017%2fpan.2024.1&partnerID=40&md5=2aa6e08c1c27957df190db77682eddaa","Article","Article in press","All Open Access; Green Open Access; Hybrid Gold Open Access","Scopus","2-s2.0-85193046317"
"Nakamura H.; Mizuno K.; Ohashi Y.; Yoshida T.; Hirao K.; Uchida Y.","Nakamura, Haruo (57192332842); Mizuno, Kyoichi (56799740800); Ohashi, Yasuo (55237387500); Yoshida, Tomowo (55475117000); Hirao, Koichi (57206357001); Uchida, Yasufumi (55600030700)","57192332842; 56799740800; 55237387500; 55475117000; 57206357001; 55600030700","Pravastatin and cardiovascular risk in moderate chronic kidney disease","2009","Atherosclerosis","206","2","","512","517","5","76","10.1016/j.atherosclerosis.2009.03.031","https://www.scopus.com/inward/record.uri?eid=2-s2.0-70349510736&doi=10.1016%2fj.atherosclerosis.2009.03.031&partnerID=40&md5=58cba73389203d97e632541814be61de","Article","Final","","Scopus","2-s2.0-70349510736"
"Bridges D.; Pitiot A.; MacAskill M.R.; Peirce J.W.","Bridges, David (57191229219); Pitiot, Alain (6603571349); MacAskill, Michael R. (6602566009); Peirce, Jonathan W. (7005756584)","57191229219; 6603571349; 6602566009; 7005756584","The timing mega-study: Comparing a range of experiment generators, both lab-based and online","2020","PeerJ","8","","e9414","","","","345","10.7717/peerj.9414","https://www.scopus.com/inward/record.uri?eid=2-s2.0-85090606036&doi=10.7717%2fpeerj.9414&partnerID=40&md5=258d69802204dadc4a60633302653964","Article","Final","All Open Access; Gold Open Access; Green Open Access","Scopus","2-s2.0-85090606036"
"Ishikawa T.; Mizuno K.; Nakaya N.; Ohashi Y.; Tajima N.; Kushiro T.; Teramoto T.; Uchiyama S.; Nakamura H.","Ishikawa, Toshitsugu (57211890388); Mizuno, Kyoichi (56799740800); Nakaya, Noriaki (55374933400); Ohashi, Yasuo (55237387500); Tajima, Naoko (7102220992); Kushiro, Toshio (55372479000); Teramoto, Tamio (7102939543); Uchiyama, Shinichiro (55447042900); Nakamura, Haruo (57192332842)","57211890388; 56799740800; 55374933400; 55237387500; 7102220992; 55372479000; 7102939543; 55447042900; 57192332842","The relationship between the effect of pravastatin and risk factors for coronary heart disease in Japanese patients with hypercholesterolemia","2008","Circulation Journal","72","10","","1576","1582","6","17","10.1253/circj.CJ-08-0095","https://www.scopus.com/inward/record.uri?eid=2-s2.0-52749093736&doi=10.1253%2fcircj.CJ-08-0095&partnerID=40&md5=8600259d589c4d1e08a39d0c382d1a88","Article","Final","All Open Access; Bronze Open Access","Scopus","2-s2.0-52749093736"
"Tanaka Y.; Matsuyama Y.; Ohashi Y.","Tanaka, Yukari (56307623700); Matsuyama, Yutaka (7102197089); Ohashi, Yasuo (55237387500)","56307623700; 7102197089; 55237387500","Estimation of treatment effect adjusting for treatment changes using the intensity score method: Application to a large primary prevention study for coronary events (MEGA study)","2008","Statistics in Medicine","27","10","","1718","1733","15","11","10.1002/sim.3065","https://www.scopus.com/inward/record.uri?eid=2-s2.0-42449142436&doi=10.1002%2fsim.3065&partnerID=40&md5=9675dc8787efa74098cb19c855300063","Article","Final","","Scopus","2-s2.0-42449142436"
"Milkman K.L.; Gromet D.; Ho H.; Kay J.S.; Lee T.W.; Pandiloski P.; Park Y.; Rai A.; Bazerman M.; Beshears J.; Bonacorsi L.; Camerer C.; Chang E.; Chapman G.; Cialdini R.; Dai H.; Eskreis-Winkler L.; Fishbach A.; Gross J.J.; Horn S.; Hubbard A.; Jones S.J.; Karlan D.; Kautz T.; Kirgios E.; Klusowski J.; Kristal A.; Ladhania R.; Loewenstein G.; Ludwig J.; Mellers B.; Mullainathan S.; Saccardo S.; Spiess J.; Suri G.; Talloen J.H.; Taxer J.; Trope Y.; Ungar L.; Volpp K.G.; Whillans A.; Zinman J.; Duckworth A.L.","Milkman, Katherine L. (20433982500); Gromet, Dena (15839360600); Ho, Hung (57223202517); Kay, Joseph S. (56610548500); Lee, Timothy W. (57223189140); Pandiloski, Pepi (57366350500); Park, Yeji (57219421278); Rai, Aneesh (57219014199); Bazerman, Max (7004218476); Beshears, John (26633465700); Bonacorsi, Lauri (57365920400); Camerer, Colin (6603895625); Chang, Edward (57207467454); Chapman, Gretchen (7202936562); Cialdini, Robert (7004705959); Dai, Hengchen (56381897900); Eskreis-Winkler, Lauren (56037177600); Fishbach, Ayelet (6603551816); Gross, James J. (7402751884); Horn, Samantha (57222657359); Hubbard, Alexa (56740175000); Jones, Steven J. (57365770800); Karlan, Dean (12806052600); Kautz, Tim (36166973900); Kirgios, Erika (57218346195); Klusowski, Joowon (57209882470); Kristal, Ariella (57212588136); Ladhania, Rahul (57204724843); Loewenstein, George (7004312288); Ludwig, Jens (7202986859); Mellers, Barbara (7003686114); Mullainathan, Sendhil (6603277860); Saccardo, Silvia (57193442006); Spiess, Jann (57194179423); Suri, Gaurav (54380998200); Talloen, Joachim H. (57209396873); Taxer, Jamie (57188728352); Trope, Yaacov (7004477137); Ungar, Lyle (57201020481); Volpp, Kevin G. (6603864613); Whillans, Ashley (55601702200); Zinman, Jonathan (24402219400); Duckworth, Angela L. (11138779200)","20433982500; 15839360600; 57223202517; 56610548500; 57223189140; 57366350500; 57219421278; 57219014199; 7004218476; 26633465700; 57365920400; 6603895625; 57207467454; 7202936562; 7004705959; 56381897900; 56037177600; 6603551816; 7402751884; 57222657359; 56740175000; 57365770800; 12806052600; 36166973900; 57218346195; 57209882470; 57212588136; 57204724843; 7004312288; 7202986859; 7003686114; 6603277860; 57193442006; 57194179423; 54380998200; 57209396873; 57188728352; 7004477137; 57201020481; 6603864613; 55601702200; 24402219400; 11138779200","Megastudies improve the impact of applied behavioural science","2021","Nature","600","7889","","478","483","5","138","10.1038/s41586-021-04128-4","https://www.scopus.com/inward/record.uri?eid=2-s2.0-85120796208&doi=10.1038%2fs41586-021-04128-4&partnerID=40&md5=e5b9f6277d0dfa0284e5c3480586d3f5","Article","Final","All Open Access; Green Open Access","Scopus","2-s2.0-85120796208"
"Morelli V.M.; Lijfering W.M.; Rosendaal F.R.; Cannegieter S.C.","Morelli, V.M. (35444726400); Lijfering, W.M. (14066134200); Rosendaal, F.R. (7004174530); Cannegieter, S.C. (6603381281)","35444726400; 14066134200; 7004174530; 6603381281","Lipid levels and risk of recurrent venous thrombosis: results from the MEGA follow-up study","2017","Journal of Thrombosis and Haemostasis","15","4","","695","701","6","14","10.1111/jth.13640","https://www.scopus.com/inward/record.uri?eid=2-s2.0-85013848354&doi=10.1111%2fjth.13640&partnerID=40&md5=e62111db22444aa8ec824e1ee0e7ee7c","Article","Final","","Scopus","2-s2.0-85013848354"
"Teramoto T.; Nakaya N.; Yokoyama S.; Ohashi Y.; Mizuno K.; Nakamura H.","Teramoto, Tamio (7102939543); Nakaya, Noriaki (55374933400); Yokoyama, Shinji (7402757936); Ohashi, Yasuo (55237387500); Mizuno, Kyoichi (56799740800); Nakamura, Haruo (57192332842)","7102939543; 55374933400; 7402757936; 55237387500; 56799740800; 57192332842","Association between lowering low-density lipoprotein cholesterol with pravastatin and primary prevention of cardiovascular disease in mild to moderate hypercholesterolemic japanese","2010","Journal of Atherosclerosis and Thrombosis","17","8","","879","887","8","19","10.5551/jat.4176","https://www.scopus.com/inward/record.uri?eid=2-s2.0-77955081596&doi=10.5551%2fjat.4176&partnerID=40&md5=84bf1c9c0b92f8e0512fa6e924730ff2","Article","Final","All Open Access; Hybrid Gold Open Access","Scopus","2-s2.0-77955081596"
"Duckworth A.L.; Ko A.; Milkman K.L.; Kay J.S.; Dimant E.; Gromet D.M.; Halpern A.; Jung Y.; Paxson M.K.; Silvera Zumaran R.A.; Berman R.; Brody I.; Camerer C.F.; Canning E.A.; Dai H.; Gallo M.; Hershfield H.E.; Hilchey M.D.; Kalil A.; Kroeper K.M.; Lyon A.; Manning B.S.; Mazar N.; Michelini M.; Mayer S.E.; Murphy M.C.; Oreopoulos P.; Parker S.E.; Rondina R.; Soman D.; Van den Bulte C.","Duckworth, Angela L. (11138779200); Ko, Ahra (57203434972); Milkman, Katherine L. (20433982500); Kay, Joseph S. (56610548500); Dimant, Eugen (55823671300); Gromet, Dena M. (15839360600); Halpern, Aden (59727138100); Jung, Youngwoo (59195634800); Paxson, Madeline K. (59196474200); Silvera Zumaran, Ramon A. (59195838000); Berman, Ron (55808507500); Brody, Ilana (57438571000); Camerer, Colin F. (6603895625); Canning, Elizabeth A. (55919457300); Dai, Hengchen (56381897900); Gallo, Marcos (57215097764); Hershfield, Hal E. (53877524700); Hilchey, Matthew D. (37034089500); Kalil, Ariel (7004226164); Kroeper, Kathryn M. (55990950300); Lyon, Amy (59726113000); Manning, Benjamin S. (59010789600); Mazar, Nina (12144003900); Michelini, Michelle (59726964400); Mayer, Susan E. (7202036811); Murphy, Mary C. (57220839740); Oreopoulos, Philip (57203419683); Parker, Sharon E. (59725947500); Rondina, Renante (55933640800); Soman, Dilip (6701822297); Van den Bulte, Christophe (6603329904)","11138779200; 57203434972; 20433982500; 56610548500; 55823671300; 15839360600; 59727138100; 59195634800; 59196474200; 59195838000; 55808507500; 57438571000; 6603895625; 55919457300; 56381897900; 57215097764; 53877524700; 37034089500; 7004226164; 55990950300; 59726113000; 59010789600; 12144003900; 59726964400; 7202036811; 57220839740; 57203419683; 59725947500; 55933640800; 6701822297; 6603329904","A national megastudy shows that email nudges to elementary school teachers boost student math achievement, particularly when personalized","2025","Proceedings of the National Academy of Sciences of the United States of America","122","13","e2418616122","","","","0","10.1073/pnas.2418616122","https://www.scopus.com/inward/record.uri?eid=2-s2.0-105002000919&doi=10.1073%2fpnas.2418616122&partnerID=40&md5=709e9a91d3eeafce6307d4839f522e7f","Article","Final","","Scopus","2-s2.0-105002000919"
"Brysbaert M.; Mandera P.; McCormick S.F.; Keuleers E.","Brysbaert, Marc (7004325515); Mandera, Paweł (55999399800); McCormick, Samantha F. (7203063172); Keuleers, Emmanuel (16241538600)","7004325515; 55999399800; 7203063172; 16241538600","Word prevalence norms for 62,000 English lemmas","2019","Behavior Research Methods","51","2","","467","479","12","156","10.3758/s13428-018-1077-9","https://www.scopus.com/inward/record.uri?eid=2-s2.0-85049575050&doi=10.3758%2fs13428-018-1077-9&partnerID=40&md5=60a79b7deb5f4bb0cd4652dd8cb29cc4","Article","Final","All Open Access; Bronze Open Access","Scopus","2-s2.0-85049575050"
"Voelkel J.G.; Chu J.Y.; Stagnaro M.N.; Druckman J.N.; Willer R.","Voelkel, Jan G. (57200550799); Chu, James Y. (55586516300); Stagnaro, Michael N. (56692768700); Druckman, James N. (6603696960); Willer, Robb (16305967100)","57200550799; 55586516300; 56692768700; 6603696960; 16305967100","How to design and conduct a megastudy","2024","Nature Human Behaviour","8","12","","2257","2260","3","2","10.1038/s41562-024-01998-2","https://www.scopus.com/inward/record.uri?eid=2-s2.0-85207024616&doi=10.1038%2fs41562-024-01998-2&partnerID=40&md5=33a6b0b046294a4cbb5446624fe21af3","Note","Final","All Open Access; Green Open Access","Scopus","2-s2.0-85207024616"
"van Adrichem R.A.; Nelissen R.G.H.H.; Schipper I.B.; Rosendaal F.R.; Cannegieter S.C.","van Adrichem, R.A. (14833437500); Nelissen, R.G.H.H. (7003970921); Schipper, I.B. (7004341185); Rosendaal, F.R. (7004174530); Cannegieter, S.C. (6603381281)","14833437500; 7003970921; 7004341185; 7004174530; 6603381281","Risk of venous thrombosis after arthroscopy of the knee: Results from a large population-based case-control study","2015","Journal of Thrombosis and Haemostasis","13","8","","1441","1448","7","46","10.1111/jth.12996","https://www.scopus.com/inward/record.uri?eid=2-s2.0-84937976362&doi=10.1111%2fjth.12996&partnerID=40&md5=31023acc708df400b0fbe839a57061b3","Article","Final","","Scopus","2-s2.0-84937976362"
"Kelley M.C.; Tucker B.V.","Kelley, Matthew C. (57202534167); Tucker, Benjamin V. (26536907800)","57202534167; 26536907800","The recognition of spoken pseudowords","2022","Language, Cognition and Neuroscience","37","9","","1169","1190","21","1","10.1080/23273798.2022.2053729","https://www.scopus.com/inward/record.uri?eid=2-s2.0-85127308998&doi=10.1080%2f23273798.2022.2053729&partnerID=40&md5=10ff55c0daae7c9b69b752646fd388d0","Article","Final","","Scopus","2-s2.0-85127308998"
"Nenadić F.; Bujandrić K.; Kelley M.C.; Tucker B.V.","Nenadić, Filip (57202532277); Bujandrić, Katarina (59725190400); Kelley, Matthew C. (57202534167); Tucker, Benjamin V. (26536907800)","57202532277; 59725190400; 57202534167; 26536907800","SingleMALD: Investigating practice effects in auditory lexical decision","2025","Behavior Research Methods","57","5","136","","","","0","10.3758/s13428-025-02628-z","https://www.scopus.com/inward/record.uri?eid=2-s2.0-105001993031&doi=10.3758%2fs13428-025-02628-z&partnerID=40&md5=0221f334bf4616bdbe5bfdc23743f45a","Article","Final","","Scopus","2-s2.0-105001993031"
"Scheres L.J.J.; Brekelmans M.P.A.; Beenen L.F.M.; Büller H.R.; Cannegieter S.C.; Middeldorp S.","Scheres, L.J.J. (56862106200); Brekelmans, M.P.A. (56963987000); Beenen, L.F.M. (35794855700); Büller, H.R. (55785678000); Cannegieter, S.C. (6603381281); Middeldorp, S. (24344792400)","56862106200; 56963987000; 35794855700; 55785678000; 6603381281; 24344792400","Sex-specific differences in the presenting location of a first venous thromboembolism","2017","Journal of Thrombosis and Haemostasis","15","7","","1344","1350","6","27","10.1111/jth.13712","https://www.scopus.com/inward/record.uri?eid=2-s2.0-85019715357&doi=10.1111%2fjth.13712&partnerID=40&md5=005100307f7cbc4a9cfc26f70ee10aad","Article","Final","All Open Access; Bronze Open Access","Scopus","2-s2.0-85019715357"
"Gohda T.; Tanimoto M.; Watanabe-Yamada K.; Matsumoto M.; Kaneko S.; Hagiwara S.; Shiina K.; Shike T.; Funabiki K.; Tomino Y.","Gohda, Tomohito (7003411346); Tanimoto, Mitsuo (8855383200); Watanabe-Yamada, Kaori (9740524000); Matsumoto, Masakazu (9739626700); Kaneko, Shigeru (9740468500); Hagiwara, Shinji (35740333100); Shiina, Kenji (16043592900); Shike, Toshihide (6701816170); Funabiki, Kazuhiko (22943960000); Tomino, Yasuhiko (35352121900)","7003411346; 8855383200; 9740524000; 9739626700; 9740468500; 35740333100; 16043592900; 6701816170; 22943960000; 35352121900","Genetic susceptibility to type 2 diabetic nephropathy in human and animal models","2005","Nephrology","10","SUPPL. 2","","S22","S25","3","8","10.1111/j.1440-1797.2005.00452.x","https://www.scopus.com/inward/record.uri?eid=2-s2.0-28544438569&doi=10.1111%2fj.1440-1797.2005.00452.x&partnerID=40&md5=2be32696cbbd72d5ac7a372485137f6e","Conference paper","Final","","Scopus","2-s2.0-28544438569"
"Spinelli G.; Trettenero S.; Lupker S.J.; Colombo L.","Spinelli, Giacomo (56490095200); Trettenero, Sonia (58983881000); Lupker, Stephen J. (7003517746); Colombo, Lucia (56223352300)","56490095200; 58983881000; 7003517746; 56223352300","Cues to lexical stress assignment in reading Italian: A megastudy with polysyllabic nonwords","2024","Journal of Memory and Language","137","","104517","","","","2","10.1016/j.jml.2024.104517","https://www.scopus.com/inward/record.uri?eid=2-s2.0-85190310915&doi=10.1016%2fj.jml.2024.104517&partnerID=40&md5=ee16d090865130685a2e9dc43b925476","Article","Final","","Scopus","2-s2.0-85190310915"
"Nishiwaki M.; Ikewaki K.; Ayaori M.; Mizuno K.; Ohashi Y.; Ohsuzu F.; Ishikawa T.; Nakamura H.","Nishiwaki, Masato (7005183954); Ikewaki, Katsunori (7003725901); Ayaori, Makoto (6601992616); Mizuno, Kyoichi (56799740800); Ohashi, Yasuo (55237387500); Ohsuzu, Fumitaka (7005154991); Ishikawa, Toshitsugu (57211890388); Nakamura, Haruo (57192332842)","7005183954; 7003725901; 6601992616; 56799740800; 55237387500; 7005154991; 57211890388; 57192332842","Risk reductions for cardiovascular disease with pravastatin treatment by dyslipidemia phenotype: A post hoc analysis of the MEGA Study","2013","Journal of Cardiology","61","3","","196","200","4","6","10.1016/j.jjcc.2012.10.005","https://www.scopus.com/inward/record.uri?eid=2-s2.0-84875238038&doi=10.1016%2fj.jjcc.2012.10.005&partnerID=40&md5=55ed3957d9be22da17d7199a6cb7e515","Article","Final","All Open Access; Bronze Open Access","Scopus","2-s2.0-84875238038"
"Cohen-Shikora E.R.; Balota D.A.; Kapuria A.; Yap M.J.","Cohen-Shikora, Emily R. (55545021800); Balota, David A. (7006226770); Kapuria, Abhi (55328492300); Yap, Melvin J. (35323374500)","55545021800; 7006226770; 55328492300; 35323374500","The past tense inflection project (PTIP): Speeded past tense inflections, imageability ratings, and past tense consistency measures for 2,200 verbs","2013","Behavior Research Methods","45","1","","151","159","8","7","10.3758/s13428-012-0240-y","https://www.scopus.com/inward/record.uri?eid=2-s2.0-84874354359&doi=10.3758%2fs13428-012-0240-y&partnerID=40&md5=90104749b089ae9451425ebd213ae246","Article","Final","All Open Access; Bronze Open Access","Scopus","2-s2.0-84874354359"
"Hongo M.; Harasawa S.; Mine T.; Sasaki I.; Matsueda K.; Kusano M.; Hanyu N.; Nakada K.; Shibata C.","Hongo, Michio (35901025600); Harasawa, Shigeru (7006280342); Mine, Tetsuya (55331334100); Sasaki, Iwao (7103337597); Matsueda, Kei (7005452734); Kusano, Motoyasu (34570929000); Hanyu, Nobuyoshi (7006724039); Nakada, Koji (7102185658); Shibata, Chikashi (7006824766)","35901025600; 7006280342; 55331334100; 7103337597; 7005452734; 34570929000; 7006724039; 7102185658; 7006824766","Large-scale randomized clinical study on functional dyspepsia treatment with mosapride or teprenone: Japan Mosapride Mega-Study (JMMS)","2012","Journal of Gastroenterology and Hepatology (Australia)","27","1","","62","68","6","47","10.1111/j.1440-1746.2011.06949.x","https://www.scopus.com/inward/record.uri?eid=2-s2.0-84155178376&doi=10.1111%2fj.1440-1746.2011.06949.x&partnerID=40&md5=b2b9f0861661d88d735d13753aca9f8f","Article","Final","","Scopus","2-s2.0-84155178376"
"Yu L.; Qiao J.; Ming W.-K.; Wu Y.","Yu, Lian (58043910300); Qiao, Jiaqi (58076000400); Ming, Wai-Kit (56609906200); Wu, Yibo (57224939833)","58043910300; 58076000400; 56609906200; 57224939833","Megastudies: A New Approach to Reducing Vaccine Hesitation Worldwide","2023","Vaccines","11","1","133","","","","2","10.3390/vaccines11010133","https://www.scopus.com/inward/record.uri?eid=2-s2.0-85146819004&doi=10.3390%2fvaccines11010133&partnerID=40&md5=4ae811d5ca2467e8b2e044b5f5a28d3d","Note","Final","All Open Access; Gold Open Access; Green Open Access","Scopus","2-s2.0-85146819004"
"Kushiro T.; Mizuno K.; Nakaya N.; Ohashi Y.; Tajima N.; Teramoto T.; Uchiyama S.; Nakamura H.","Kushiro, Toshio (55372479000); Mizuno, Kyoichi (56799740800); Nakaya, Noriaki (55374933400); Ohashi, Yasuo (55237387500); Tajima, Naoko (7102220992); Teramoto, Tamio (7102939543); Uchiyama, Shinichiro (55447042900); Nakamura, Haruo (57192332842)","55372479000; 56799740800; 55374933400; 55237387500; 7102220992; 7102939543; 55447042900; 57192332842","Pravastatin for cardiovascular event primary prevention in patients with mild-to-moderate hypertension in the management of elevated cholesterol in the primary prevention group of adult japanese (MEGA) study","2009","Hypertension","53","2","","135","141","6","34","10.1161/HYPERTENSIONAHA.108.120584","https://www.scopus.com/inward/record.uri?eid=2-s2.0-59849105270&doi=10.1161%2fHYPERTENSIONAHA.108.120584&partnerID=40&md5=00c436790e8c7304e78a2546aad7f4f5","Article","Final","All Open Access; Bronze Open Access; Green Open Access","Scopus","2-s2.0-59849105270"
"Tucker B.V.; Brenner D.; Danielson D.K.; Kelley M.C.; Nenadić F.; Sims M.","Tucker, Benjamin V. (26536907800); Brenner, Daniel (56820907100); Danielson, D. Kyle (57202537305); Kelley, Matthew C. (57202534167); Nenadić, Filip (57202532277); Sims, Michelle (55372432200)","26536907800; 56820907100; 57202537305; 57202534167; 57202532277; 55372432200","The Massive Auditory Lexical Decision (MALD) database","2019","Behavior Research Methods","51","3","","1187","1204","17","70","10.3758/s13428-018-1056-1","https://www.scopus.com/inward/record.uri?eid=2-s2.0-85048675448&doi=10.3758%2fs13428-018-1056-1&partnerID=40&md5=ef4bc0844fa40181fbd860f73bfa7096","Article","Final","All Open Access; Bronze Open Access","Scopus","2-s2.0-85048675448"
"Tajima N.; Kurata H.; Ohashi Y.; Mizuno K.; Nakamura H.","Tajima, Naoko (7102220992); Kurata, Hideaki (35594843000); Ohashi, Yasuo (55237387500); Mizuno, Kyoichi (56799740800); Nakamura, Haruo (57192332842)","7102220992; 35594843000; 55237387500; 56799740800; 57192332842","Management of elevated cholesterol in the primary prevention Group of Adult Japanese (MEGA) Study assists the view that a fasting plasma glucose level ≥100mg/dL increases cardiovascular risk","2011","Journal of Diabetes Investigation","2","5","","399","405","6","0","10.1111/j.2040-1124.2011.00121.x","https://www.scopus.com/inward/record.uri?eid=2-s2.0-80053959140&doi=10.1111%2fj.2040-1124.2011.00121.x&partnerID=40&md5=de27bea71d04753f42696cad6fe7d770","Article","Final","All Open Access; Green Open Access","Scopus","2-s2.0-80053959140"
"Qadeer A.; Rui G.; Yaqing L.; Ran D.; Liu C.; Jing D.; Anis M.; Liu M.; Wang S.; Jiang X.; Zhao X.","Qadeer, Abdul (59094444200); Rui, Guo (58493124400); Yaqing, Liu (58871554400); Ran, Dai (57489806900); Liu, Chengyou (57209570862); Jing, Dong (57490287300); Anis, Muhammad (58256919300); Liu, Mengyang (57191034499); Wang, Shuhang (35199230600); Jiang, Xia (22835002400); Zhao, Xingru (55353811600)","59094444200; 58493124400; 58871554400; 57489806900; 57209570862; 57490287300; 58256919300; 57191034499; 35199230600; 22835002400; 55353811600","A mega study of antibiotics contamination in Eastern aquatic ecosystems of China: occurrence, interphase transfer processes, ecotoxicological risks, and source modeling","2023","Journal of Hazardous Materials","458","","131980","","","","27","10.1016/j.jhazmat.2023.131980","https://www.scopus.com/inward/record.uri?eid=2-s2.0-85165214287&doi=10.1016%2fj.jhazmat.2023.131980&partnerID=40&md5=f7d5c01efc14adf32ea17ea29a0ccf08","Article","Final","","Scopus","2-s2.0-85165214287"
"Keuleers E.; Lacey P.; Rastle K.; Brysbaert M.","Keuleers, Emmanuel (16241538600); Lacey, Paula (23050961400); Rastle, Kathleen (6604064697); Brysbaert, Marc (7004325515)","16241538600; 23050961400; 6604064697; 7004325515","The British Lexicon Project: Lexical decision data for 28,730 monosyllabic and disyllabic English words","2012","Behavior Research Methods","44","1","","287","304","17","294","10.3758/s13428-011-0118-4","https://www.scopus.com/inward/record.uri?eid=2-s2.0-84856832536&doi=10.3758%2fs13428-011-0118-4&partnerID=40&md5=4575e40a35c7ed40fc2d351b9f956cdb","Article","Final","All Open Access; Green Open Access; Hybrid Gold Open Access","Scopus","2-s2.0-84856832536"
"Sjöbom U.; Andersson M.X.; Pivodic A.; Lund A.-M.; Vanpee M.; Hansen-Pupp I.; Ley D.; Wackernagel D.; Sävman K.; Smith L.E.H.; Löfqvist C.; Hellström A.; Nilsson A.K.","Sjöbom, Ulrika (57200272716); Andersson, Mats X. (57210519309); Pivodic, Aldina (26647724700); Lund, Anna-My (57205575156); Vanpee, Mireille (6701542235); Hansen-Pupp, Ingrid (6504571661); Ley, David (56275157800); Wackernagel, Dirk (56109621000); Sävman, Karin (6508349642); Smith, Lois E.H. (24304129400); Löfqvist, Chatarina (7801365740); Hellström, Ann (7007157089); Nilsson, Anders K. (57201136405)","57200272716; 57210519309; 26647724700; 57205575156; 6701542235; 6504571661; 56275157800; 56109621000; 6508349642; 24304129400; 7801365740; 7007157089; 57201136405","Modification of serum fatty acids in preterm infants by parenteral lipids and enteral docosahexaenoic acid/arachidonic acid: A secondary analysis of the Mega Donna Mega trial","2023","Clinical Nutrition","42","6","","962","971","9","10","10.1016/j.clnu.2023.04.020","https://www.scopus.com/inward/record.uri?eid=2-s2.0-85153614408&doi=10.1016%2fj.clnu.2023.04.020&partnerID=40&md5=cf4175c6d9ea63d01f74562985231666","Article","Final","All Open Access; Green Open Access","Scopus","2-s2.0-85153614408"
"Milkman K.L.; Patel M.S.; Gandhi L.; Graci H.N.; Gromet D.M.; Ho H.; Kay J.S.; Lee T.W.; Akinola M.; Beshears J.; Bogard J.E.; Buttenheim A.; Chabris C.F.; Chapman G.B.; Choi J.J.; Dai H.; Fox C.R.; Goren A.; Hilchey M.D.; Hmurovic J.; John L.K.; Karlan D.; Kim M.; Laibson D.; Lamberton C.; Madrian B.C.; Meyer M.N.; Modanu M.; Nam J.; Rogers T.; Rondina R.; Saccardo S.; Shermohammed M.; Soman D.; Sparks J.; Warren C.; Weber M.; Berman R.; Evans C.N.; Snider C.K.; Tsukayama E.; Van den Bulte C.; Volpp K.G.; Duckworth A.L.","Milkman, Katherine L. (20433982500); Patel, Mitesh S. (55464128300); Gandhi, Linnea (57223191927); Graci, Heather N. (57223179362); Gromet, Dena M. (15839360600); Ho, Hung (57223202517); Kay, Joseph S. (56610548500); Lee, Timothy W. (57223189140); Akinola, Modupe (57196324677); Beshears, John (26633465700); Bogard, Jonathan E. (57220815520); Buttenheim, Alison (25626268400); Chabris, Christopher F. (57194702655); Chapman, Gretchen B. (7202936562); Choi, James J. (55761353100); Dai, Hengchen (56381897900); Fox, Craig R. (7402165612); Goren, Amir (55363072300); Hilchey, Matthew D. (37034089500); Hmurovic, Jillian (35366202700); John, Leslie K. (25922257400); Karlan, Dean (12806052600); Kim, Melanie (57223195057); Laibson, David (6602200141); Lamberton, Cait (40761633300); Madrian, Brigitte C. (6602277868); Meyer, Michelle N. (56275552000); Modanu, Maria (25823932200); Nam, Jimin (57223200759); Rogers, Todd (57001107300); Rondina, Renante (55933640800); Saccardo, Silvia (57193442006); Shermohammed, Maheen (56275514200); Soman, Dilip (6701822297); Sparks, Jehan (57193952681); Warren, Caleb (37018928500); Weber, Megan (57223190833); Berman, Ron (55808507500); Evans, Chalanda N. (57209617157); Snider, Christopher K. (57208663314); Tsukayama, Eli (35225410100); Van den Bulte, Christophe (6603329904); Volpp, Kevin G. (6603864613); Duckworth, Angela L. (11138779200)","20433982500; 55464128300; 57223191927; 57223179362; 15839360600; 57223202517; 56610548500; 57223189140; 57196324677; 26633465700; 57220815520; 25626268400; 57194702655; 7202936562; 55761353100; 56381897900; 7402165612; 55363072300; 37034089500; 35366202700; 25922257400; 12806052600; 57223195057; 6602200141; 40761633300; 6602277868; 56275552000; 25823932200; 57223200759; 57001107300; 55933640800; 57193442006; 56275514200; 6701822297; 57193952681; 37018928500; 57223190833; 55808507500; 57209617157; 57208663314; 35225410100; 6603329904; 6603864613; 11138779200","A megastudy of text-based nudges encouraging patients to get vaccinated at an upcoming doctor's appointment","2021","Proceedings of the National Academy of Sciences of the United States of America","118","20","e2101165118","","","","223","10.1073/PNAS.2101165118","https://www.scopus.com/inward/record.uri?eid=2-s2.0-85105148403&doi=10.1073%2fPNAS.2101165118&partnerID=40&md5=b346cda587b732ec49420184f16facfd","Article","Final","All Open Access; Green Open Access; Hybrid Gold Open Access","Scopus","2-s2.0-85105148403"
"Nishimura R.; Nakagami T.; Sone H.; Ohashi Y.; Tajima N.","Nishimura, Rimei (7201416793); Nakagami, Tomoko (7006023112); Sone, Hirohito (7102062650); Ohashi, Yasuo (55237387500); Tajima, Naoko (7102220992)","7201416793; 7006023112; 7102062650; 55237387500; 7102220992","Relationship between hemoglobin A1c and cardiovascular disease in mild-to-moderate hypercholesterolemic Japanese individuals: Subanalysis of a large-scale randomized controlled trial","2011","Cardiovascular Diabetology","10","","58","","","","20","10.1186/1475-2840-10-58","https://www.scopus.com/inward/record.uri?eid=2-s2.0-79959635321&doi=10.1186%2f1475-2840-10-58&partnerID=40&md5=a5cc41ac05d4c2b60bc5aae46dcad0d3","Article","Final","All Open Access; Gold Open Access; Green Open Access","Scopus","2-s2.0-79959635321"
"Coppens M.; Reijnders J.H.; Middeldorp S.; Doggen C.J.M.; Rosendaal F.R.","Coppens, M. (57211776691); Reijnders, J.H. (24598250900); Middeldorp, Saskia (24344792400); Doggen, C.J.M. (6603389610); Rosendaal, F.R. (7004174530)","57211776691; 24598250900; 24344792400; 6603389610; 7004174530","Testing for inherited thrombophilia does not reduce the recurrence of venous thrombosis","2008","Journal of Thrombosis and Haemostasis","6","9","","1474","1477","3","130","10.1111/j.1538-7836.2008.03055.x","https://www.scopus.com/inward/record.uri?eid=2-s2.0-49849088600&doi=10.1111%2fj.1538-7836.2008.03055.x&partnerID=40&md5=9c5cf4ff87b4582971e794348f9c7817","Article","Final","All Open Access; Bronze Open Access","Scopus","2-s2.0-49849088600"
"Nakamura H.; Arakawa K.; Itakura H.; Kitabatake A.; Goto Y.; Toyota T.; Nakaya N.; Nishimoto S.; Muranaka M.; Yamamoto A.; Mizuno K.; Ohashi Y.","Nakamura, Haruo (57192332842); Arakawa, Kikuo (7202549154); Itakura, Hiroshige (7102443355); Kitabatake, Akira (55684306400); Goto, Yoshio (55737971900); Toyota, Takayoshi (55740413100); Nakaya, Noriaki (55374933400); Nishimoto, Shoji (7102604515); Muranaka, Masaharu (36801336400); Yamamoto, Akira (57218964024); Mizuno, Kyoichi (56799740800); Ohashi, Yasuo (55237387500)","57192332842; 7202549154; 7102443355; 55684306400; 55737971900; 55740413100; 55374933400; 7102604515; 36801336400; 57218964024; 56799740800; 55237387500","Primary prevention of cardiovascular disease with pravastatin in Japan (MEGA Study): a prospective randomised controlled trial","2006","Lancet","368","9542","","1155","1163","8","814","10.1016/S0140-6736(06)69472-5","https://www.scopus.com/inward/record.uri?eid=2-s2.0-33748952489&doi=10.1016%2fS0140-6736%2806%2969472-5&partnerID=40&md5=faf19e04bf6927f7a128577be80e6a5f","Article","Final","","Scopus","2-s2.0-33748952489"
"Nango E.","Nango, Eishu (56883049500)","56883049500","How to Use Presentations and Leaflets from Pharmaceutical Companies","2015","Seishin shinkeigaku zasshi = Psychiatria et neurologia Japonica","117","9","","780","787","7","0","","https://www.scopus.com/inward/record.uri?eid=2-s2.0-84973411054&partnerID=40&md5=cfe37c4a7f8f873244280d9afc952b01","Article","Final","","Scopus","2-s2.0-84973411054"
"Meinertz T.; Goette A.; Kirchhof P.; Treszl A.; Wegscheider K.","Meinertz, Thomas (55303837200); Goette, A. (7003555566); Kirchhof, P. (7004270127); Treszl, A. (6603579051); Wegscheider, K. (55270657700)","55303837200; 7003555566; 7004270127; 6603579051; 55270657700","Antiarrhythmic drug therapy after cardioversion: Comparison of short-term and long-term studies; [Antiarrhythmische pharmakotherapie: Das AFNET und die Folgestudien]","2013","Medizinische Welt","64","5","","279","284","5","0","","https://www.scopus.com/inward/record.uri?eid=2-s2.0-84886458237&partnerID=40&md5=a9e35f3114ed1f5f74948b66041fa1cb","Article","Final","","Scopus","2-s2.0-84886458237"
"Coutinho J.M.; Zuurbier S.M.; Gaartman A.E.; Dikstaal A.A.; Stam J.; Middeldorp S.; Cannegieter S.C.","Coutinho, Jonathan M. (26657197300); Zuurbier, Susanna M. (54404364200); Gaartman, Aafke E. (56884814200); Dikstaal, Arienne A. (56884877100); Stam, Jan (7005941187); Middeldorp, Saskia (24344792400); Cannegieter, Suzanne C. (6603381281)","26657197300; 54404364200; 56884814200; 56884877100; 7005941187; 24344792400; 6603381281","Association between anemia and cerebral venous thrombosis: Case-control study","2015","Stroke","46","10","","2735","2740","5","63","10.1161/STROKEAHA.115.009843","https://www.scopus.com/inward/record.uri?eid=2-s2.0-84942897367&doi=10.1161%2fSTROKEAHA.115.009843&partnerID=40&md5=31737e7f9388fd865beb9b9a05cd79ef","Article","Final","","Scopus","2-s2.0-84942897367"
"Winsler K.; Midgley K.J.; Grainger J.; Holcomb P.J.","Winsler, Kurt (57194685259); Midgley, Katherine J. (15128462800); Grainger, Jonathan (7102131771); Holcomb, Phillip J. (7003842688)","57194685259; 15128462800; 7102131771; 7003842688","An electrophysiological megastudy of spoken word recognition","2018","Language, Cognition and Neuroscience","33","8","","1063","1082","19","41","10.1080/23273798.2018.1455985","https://www.scopus.com/inward/record.uri?eid=2-s2.0-85044448324&doi=10.1080%2f23273798.2018.1455985&partnerID=40&md5=862d19c9d35adea0d7cd96d1dd7f5413","Article","Final","All Open Access; Green Open Access","Scopus","2-s2.0-85044448324"
"Roach R.E.J.; Lijfering W.M.; Rosendaal F.R.; Cannegieter S.C.; Le Cessie S.","Roach, Rachel E.J. (37762017800); Lijfering, Willem M. (14066134200); Rosendaal, Frits R. (7004174530); Cannegieter, Suzanne C. (6603381281); Le Cessie, Saskia (7003893668)","37762017800; 14066134200; 7004174530; 6603381281; 7003893668","Sex difference in risk of second but not of first venous thrombosis: Paradox explained","2014","Circulation","129","1","","51","56","5","128","10.1161/CIRCULATIONAHA.113.004768","https://www.scopus.com/inward/record.uri?eid=2-s2.0-84891865133&doi=10.1161%2fCIRCULATIONAHA.113.004768&partnerID=40&md5=d11ec39e237afd99449607b57fe7b9a2","Article","Final","","Scopus","2-s2.0-84891865133"
"Hussain I.","Hussain, Intizar (16233440000)","16233440000","Pro-poor intervention strategies in irrigated agriculture in Asia: Issues, lessons, options and guidelines","2007","Irrigation and Drainage","56","2-3","","119","126","7","21","10.1002/ird.299","https://www.scopus.com/inward/record.uri?eid=2-s2.0-34247246207&doi=10.1002%2fird.299&partnerID=40&md5=e9d2bd75fedaa3c74fed668aa04284e3","Article","Final","","Scopus","2-s2.0-34247246207"
"Milkman K.L.; Gandhi L.; Patel M.S.; Graci H.N.; Gromet D.M.; Ho H.; Kay J.S.; Lee T.W.; Rothschild J.; Bogard J.E.; Brody I.; Chabris C.F.; Chang E.; Chapman G.B.; Dannals J.E.; Goldstein N.J.; Goren A.; Hershfield H.; Hirsch A.; Hmurovic J.; Horn S.; Karlan D.S.; Kristal A.S.; Lamberton C.; Meyer M.N.; Oakes A.H.; Schweitzer M.E.; Shermohammed M.; Talloen J.; Warren C.; Whillans A.; Yadav K.N.; Zlatev J.J.; Berman R.; Evans C.N.; Ladhania R.; Ludwig J.; Mazar N.; Mullainathan S.; Snider C.K.; Spiess J.; Tsukayama E.; Ungar L.; Van den Bulte C.; Volpp K.G.; Duckworth A.L.","Milkman, Katherine L. (20433982500); Gandhi, Linnea (57223191927); Patel, Mitesh S. (55464128300); Graci, Heather N. (57223179362); Gromet, Dena M. (15839360600); Ho, Hung (57223202517); Kay, Joseph S. (56610548500); Lee, Timothy W. (57223189140); Rothschild, Jake (57438640800); Bogard, Jonathan E. (57220815520); Brody, Ilana (57438571000); Chabris, Christopher F. (57194702655); Chang, Edward (57207467454); Chapman, Gretchen B. (7202936562); Dannals, Jennifer E. (57194336522); Goldstein, Noah J. (8121553700); Goren, Amir (55363072300); Hershfield, Hal (53877524700); Hirsch, Alex (57438466800); Hmurovic, Jillian (35366202700); Horn, Samantha (57222657359); Karlan, Dean S. (12806052600); Kristal, Ariella S. (57212588136); Lamberton, Cait (40761633300); Meyer, Michelle N. (56275552000); Oakes, Allison H. (57194215794); Schweitzer, Maurice E. (7201620795); Shermohammed, Maheen (56275514200); Talloen, Joachim (57209396873); Warren, Caleb (37018928500); Whillans, Ashley (55601702200); Yadav, Kuldeep N. (57194723410); Zlatev, Julian J. (57190858989); Berman, Ron (55808507500); Evans, Chalanda N. (57209617157); Ladhania, Rahul (57204724843); Ludwig, Jens (7202986859); Mazar, Nina (12144003900); Mullainathan, Sendhil (6603277860); Snider, Christopher K. (57208663314); Spiess, Jann (57194179423); Tsukayama, Eli (35225410100); Ungar, Lyle (57201020481); Van den Bulte, Christophe (6603329904); Volpp, Kevin G. (6603864613); Duckworth, Angela L. (11138779200)","20433982500; 57223191927; 55464128300; 57223179362; 15839360600; 57223202517; 56610548500; 57223189140; 57438640800; 57220815520; 57438571000; 57194702655; 57207467454; 7202936562; 57194336522; 8121553700; 55363072300; 53877524700; 57438466800; 35366202700; 57222657359; 12806052600; 57212588136; 40761633300; 56275552000; 57194215794; 7201620795; 56275514200; 57209396873; 37018928500; 55601702200; 57194723410; 57190858989; 55808507500; 57209617157; 57204724843; 7202986859; 12144003900; 6603277860; 57208663314; 57194179423; 35225410100; 57201020481; 6603329904; 6603864613; 11138779200","A 680,000-person megastudy of nudges to encourage vaccination in pharmacies","2022","Proceedings of the National Academy of Sciences of the United States of America","119","6","e2115126119","","","","96","10.1073/pnas.2115126119","https://www.scopus.com/inward/record.uri?eid=2-s2.0-85123972905&doi=10.1073%2fpnas.2115126119&partnerID=40&md5=21849dfdb480c7814642157ab66d059d","Article","Final","All Open Access; Green Open Access; Hybrid Gold Open Access","Scopus","2-s2.0-85123972905"
"Yoshida M.; Matsuyama Y.; Ohashi Y.","Yoshida, Mizuki (57211604536); Matsuyama, Yutaka (7102197089); Ohashi, Yasuo (55237387500)","57211604536; 7102197089; 55237387500","Estimation of treatment effect adjusting for dependent censoring using the IPCW method: An application to a large primary prevention study for coronary events (MEGA study)","2007","Clinical Trials","4","4","","318","328","10","24","10.1177/1740774507081224","https://www.scopus.com/inward/record.uri?eid=2-s2.0-35348922366&doi=10.1177%2f1740774507081224&partnerID=40&md5=b3228d07dfa85047cb828f430cbca83d","Article","Final","","Scopus","2-s2.0-35348922366"
"Otsuka T.; Mizuno K.; Shinozaki T.; Kachi Y.; Nakamura H.","Otsuka, Toshiaki (12759723300); Mizuno, Kyoichi (56799740800); Shinozaki, Tomohiro (55129157400); Kachi, Yuko (34768462000); Nakamura, Haruo (57192332842)","12759723300; 56799740800; 55129157400; 34768462000; 57192332842","Preventive effect of pravastatin on the development of hypertension in patients with hypercholesterolemia: A post-hoc analysis of the Management of Elevated Cholesterol in the Primary Prevention Group of Adult Japanese (MEGA) Study","2017","Journal of Clinical Lipidology","11","4","","998","1006","8","3","10.1016/j.jacl.2017.05.015","https://www.scopus.com/inward/record.uri?eid=2-s2.0-85021215774&doi=10.1016%2fj.jacl.2017.05.015&partnerID=40&md5=05845e7d550e11e502d7c7b1c5b2c637","Article","Final","","Scopus","2-s2.0-85021215774"
"Matsuzawa Y.; Kita T.; Shepherd J.; Gotto Jr. A.M.; Nakamura H.; Sacks F.M.; Oikawa S.; Sasaki J.","Matsuzawa, Y. (35379821900); Kita, T. (35371938700); Shepherd, J. (7401741461); Gotto Jr., A.M. (8913502600); Nakamura, H. (57192332842); Sacks, F.M. (7102244485); Oikawa, S. (7101908751); Sasaki, J. (58880166300)","35379821900; 35371938700; 7401741461; 8913502600; 57192332842; 7102244485; 7101908751; 58880166300","Panel discussion","2007","Atherosclerosis Supplements","8","2 SPEC. ISS.","","19","24","5","4","10.1016/j.atherosclerosissup.2007.02.004","https://www.scopus.com/inward/record.uri?eid=2-s2.0-34547677710&doi=10.1016%2fj.atherosclerosissup.2007.02.004&partnerID=40&md5=57f03515b441086ae3fef76035f0cbf5","Note","Final","","Scopus","2-s2.0-34547677710"
"Buchanan E.M.; Valentine K.D.; Maxwell N.P.","Buchanan, Erin M. (36624932600); Valentine, K.D. (55498128000); Maxwell, Nicholas P. (57201980705)","36624932600; 55498128000; 57201980705","LAB: Linguistic Annotated Bibliography – a searchable portal for normed database information","2019","Behavior Research Methods","51","4","","1878","1888","10","6","10.3758/s13428-018-1130-8","https://www.scopus.com/inward/record.uri?eid=2-s2.0-85054570603&doi=10.3758%2fs13428-018-1130-8&partnerID=40&md5=9968902f6fb91bf5942cf6a8fef5e478","Article","Final","All Open Access; Bronze Open Access","Scopus","2-s2.0-85054570603"
"Kuperman V.; Drieghe D.; Keuleers E.; Brysbaert M.","Kuperman, Victor (16199469500); Drieghe, Denis (6603086900); Keuleers, Emmanuel (16241538600); Brysbaert, Marc (7004325515)","16199469500; 6603086900; 16241538600; 7004325515","How strongly do word reading times and lexical decision times correlate? Combining data from eye movement corpora and megastudies","2013","Quarterly Journal of Experimental Psychology","66","3","","563","580","17","68","10.1080/17470218.2012.658820","https://www.scopus.com/inward/record.uri?eid=2-s2.0-84875328935&doi=10.1080%2f17470218.2012.658820&partnerID=40&md5=68190cf91be93c337c0c8259f2d778be","Article","Final","All Open Access; Green Open Access","Scopus","2-s2.0-84875328935"
"Wang D.; Katalambula L.K.; Modest A.R.; Young T.; Ismail A.; Mwanyika-Sando M.; Tinkasimile A.; Mosha D.; Malero A.; Vuai S.; Fawzi W.W.","Wang, Dongqing (57194449067); Katalambula, Leonard Kamanga (57192198101); Modest, Andrea R (57788063500); Young, Tara (57224537019); Ismail, Abbas (35076223500); Mwanyika-Sando, Mary (56149407900); Tinkasimile, Amani (57226839817); Mosha, Dominic (34771749400); Malero, Augustine (57787767600); Vuai, Said (35782230200); Fawzi, Wafaie W. (7005578487)","57194449067; 57192198101; 57788063500; 57224537019; 35076223500; 56149407900; 57226839817; 34771749400; 57787767600; 35782230200; 7005578487","Meals, Education, and Gardens for In-School Adolescents (MEGA): study protocol for a cluster randomised trial of an integrated adolescent nutrition intervention in Dodoma, Tanzania","2022","BMJ Open","12","7","e062085","","","","3","10.1136/bmjopen-2022-062085","https://www.scopus.com/inward/record.uri?eid=2-s2.0-85133625055&doi=10.1136%2fbmjopen-2022-062085&partnerID=40&md5=fd47425e3c326cd22a3c2f4c95969def","Article","Final","All Open Access; Gold Open Access; Green Open Access","Scopus","2-s2.0-85133625055"
"Orsi F.A.; Lijfering W.M.; Geersing G.-J.; Rosendaal F.R.; Dekkers O.M.; le Cessie S.; Cannegieter S.C.","Orsi, Fernanda A. (55403844500); Lijfering, Willem M. (14066134200); Geersing, Geert-Jan (57220909636); Rosendaal, Frits R. (7004174530); Dekkers, Olaf M. (12792905600); le Cessie, Saskia (7003893668); Cannegieter, Suzanne C. (6603381281)","55403844500; 14066134200; 57220909636; 7004174530; 12792905600; 7003893668; 6603381281","Glucocorticoid use and risk of first and recurrent venous thromboembolism: self-controlled case-series and cohort study","2021","British Journal of Haematology","193","6","","1194","1202","8","33","10.1111/bjh.17388","https://www.scopus.com/inward/record.uri?eid=2-s2.0-85102770685&doi=10.1111%2fbjh.17388&partnerID=40&md5=0ed8635c03d5f6b34f83412f3a9c8129","Article","Final","All Open Access; Green Open Access","Scopus","2-s2.0-85102770685"
"Mizuno K.; Nakaya N.; Teramoto T.; Yokoyama S.; Ohashi Y.; Ueki A.; Takahashi S.; Kubota Y.; Nakamura H.","Mizuno, Kyoichi (56799740800); Nakaya, Noriaki (55374933400); Teramoto, Tamio (7102939543); Yokoyama, Shinji (7402757936); Ohashi, Yasuo (55237387500); Ueki, Akio (7102922155); Takahashi, Soichiro (55031845200); Kubota, Yukio (56301745900); Nakamura, Haruo (57192332842)","56799740800; 55374933400; 7102939543; 7402757936; 55237387500; 7102922155; 55031845200; 56301745900; 57192332842","Usefulness of LDL-C-related parameters to predict cardiovascular risk and effect of pravastatin in mild-to-moderate hypercholesterolemia","2012","Journal of Atherosclerosis and Thrombosis","19","2","","176","185","9","12","10.5551/jat.9183","https://www.scopus.com/inward/record.uri?eid=2-s2.0-84857562935&doi=10.5551%2fjat.9183&partnerID=40&md5=03d71abcce9aeb73bc991052b43b6912","Article","Final","All Open Access; Hybrid Gold Open Access","Scopus","2-s2.0-84857562935"
"Matsushima T.; Nakaya N.; Mizuno K.; Ohashi Y.; Teramoto T.; Yokoyama S.; Ichikawa S.; Ishikura N.; Kamiyama K.; Nakamura H.","Matsushima, Teruhiko (7402153277); Nakaya, Noriaki (55374933400); Mizuno, Kyoichi (56799740800); Ohashi, Yasuo (55237387500); Teramoto, Tamio (7102939543); Yokoyama, Shinji (7402757936); Ichikawa, Shuichi (7202462674); Ishikura, Norio (55378240900); Kamiyama, Kimihide (55377888900); Nakamura, Haruo (57192332842)","7402153277; 55374933400; 56799740800; 55237387500; 7102939543; 7402757936; 7202462674; 55378240900; 55377888900; 57192332842","The Effect of Low-Dose Pravastatin in Metabolic Syndrome for Primary Prevention of Cardiovascular Disease in Japan: A Post hoc Analysis of the MEGA Study","2012","Journal of Cardiovascular Pharmacology and Therapeutics","17","2","","153","158","5","10","10.1177/1074248411421777","https://www.scopus.com/inward/record.uri?eid=2-s2.0-84867186950&doi=10.1177%2f1074248411421777&partnerID=40&md5=f5b916edffa6333078d093942832c9d1","Article","Final","","Scopus","2-s2.0-84867186950"
"Voelkel J.G.; Stagnaro M.N.; Chu J.Y.; Pink S.L.; Mernyk J.S.; Redekopp C.; Ghezae I.; Cashman M.; Adjodah D.; Allen L.G.; Allis L.V.; Baleria G.; Ballantyne N.; Van Bavel J.J.; Blunden H.; Braley A.; Bryan C.J.; Celniker J.B.; Cikara M.; Clapper M.V.; Clayton K.; Collins H.; DeFilippis E.; Dieffenbach M.; Doell K.C.; Dorison C.; Duong M.; Felsman P.; Fiorella M.; Francis D.; Franz M.; Gallardo R.A.; Gifford S.; Goya-Tocchetto D.; Gray K.; Green J.; Greene J.; Güngör M.; Hall M.; Hecht C.A.; Javeed A.; Jost J.T.; Kay A.C.; Kay N.R.; Keating B.; Kelly J.M.; Kirk J.R.G.; Kopell M.; Kteily N.; Kubin E.; Lees J.; Lenz G.; Levendusky M.; Littman R.; Luo K.; Lyles A.; Lyons B.; Marsh W.; Martherus J.; Maurer L.A.; Mehl C.; Minson J.; Moore M.; Moore-Berg S.L.; Pasek M.H.; Pentland A.; Puryear C.; Rahnama H.; Rathje S.; Rosato J.; Saar-Tsechansky M.; Santos L.A.; Seifert C.M.; Shariff A.; Simonsson O.; Siddiqi S.S.; Stone D.F.; Strand P.; Tomz M.; Yeager D.S.; Yoeli E.; Zaki J.; Druckman J.N.; Rand D.G.; Willer R.","Voelkel, Jan G. (57200550799); Stagnaro, Michael N. (56692768700); Chu, James Y. (55586516300); Pink, Sophia L. (57195965902); Mernyk, Joseph S. (57574113000); Redekopp, Chrystal (57761367700); Ghezae, Isaias (59308351300); Cashman, Matthew (59373222400); Adjodah, Dhaval (57204152569); Allen, Levi G. (57382433400); Allis, L. Victor (59373373400); Baleria, Gina (57211949309); Ballantyne, Nathan (35736844400); Van Bavel, Jay J. (22986966200); Blunden, Hayley (57205124009); Braley, Alia (57819757200); Bryan, Christopher J. (14832155400); Celniker, Jared B. (57202339692); Cikara, Mina (36514320100); Clapper, Margarett V. (58644919900); Clayton, Katherine (57205763513); Collins, Hanne (57200137409); DeFilippis, Evan (57210410161); Dieffenbach, Macrina (57221771962); Doell, Kimberly C. (56928398300); Dorison, Charles (57208941562); Duong, Mylien (58552592300); Felsman, Peter (57194702527); Fiorella, Maya (59372925600); Francis, David (59373373500); Franz, Michael (7202533683); Gallardo, Roman A. (57226282819); Gifford, Sara (59373073200); Goya-Tocchetto, Daniela (57191752984); Gray, Kurt (15520639300); Green, Joe (59373073300); Greene, Joshua (7402743821); Güngör, Mertcan (59095434600); Hall, Matthew (55017044100); Hecht, Cameron A. (57196082854); Javeed, Ali (58149915800); Jost, John T. (24492154100); Kay, Aaron C. (7201741106); Kay, Nick R. (58353386000); Keating, Brandyn (59372925700); Kelly, John Michael (57207818267); Kirk, James R.G. (57223203258); Kopell, Malka (59373373600); Kteily, Nour (36559747600); Kubin, Emily (57205631416); Lees, Jeffrey (57195276259); Lenz, Gabriel (23969494600); Levendusky, Matthew (24463521000); Littman, Rebecca (56521338500); Luo, Kara (58183203600); Lyles, Aaron (59373517900); Lyons, Ben (56425466800); Marsh, Wayde (57224442687); Martherus, James (57209829535); Maurer, Lauren Alpert (59373073400); Mehl, Caroline (59373224500); Minson, Julia (36453195800); Moore, Molly (58746644800); Moore-Berg, Samantha L. (57195585879); Pasek, Michael H. (57194570825); Pentland, Alex (7102755925); Puryear, Curtis (56027905700); Rahnama, Hossein (15756588100); Rathje, Steve (57221697332); Rosato, Jay (59372786900); Saar-Tsechansky, Maytal (8332534900); Santos, Luiza Almeida (57869211500); Seifert, Colleen M. (35606631400); Shariff, Azim (20436715000); Simonsson, Otto (57218599456); Siddiqi, Shiri Spitz (59095951000); Stone, Daniel F. (36471057700); Strand, Palma (57200671815); Tomz, Michael (6505910383); Yeager, David S. (27468015800); Yoeli, Erez (55885143400); Zaki, Jamil (18134766700); Druckman, James N. (6603696960); Rand, David G. (23095594600); Willer, Robb (16305967100)","57200550799; 56692768700; 55586516300; 57195965902; 57574113000; 57761367700; 59308351300; 59373222400; 57204152569; 57382433400; 59373373400; 57211949309; 35736844400; 22986966200; 57205124009; 57819757200; 14832155400; 57202339692; 36514320100; 58644919900; 57205763513; 57200137409; 57210410161; 57221771962; 56928398300; 57208941562; 58552592300; 57194702527; 59372925600; 59373373500; 7202533683; 57226282819; 59373073200; 57191752984; 15520639300; 59373073300; 7402743821; 59095434600; 55017044100; 57196082854; 58149915800; 24492154100; 7201741106; 58353386000; 59372925700; 57207818267; 57223203258; 59373373600; 36559747600; 57205631416; 57195276259; 23969494600; 24463521000; 56521338500; 58183203600; 59373517900; 56425466800; 57224442687; 57209829535; 59373073400; 59373224500; 36453195800; 58746644800; 57195585879; 57194570825; 7102755925; 56027905700; 15756588100; 57221697332; 59372786900; 8332534900; 57869211500; 35606631400; 20436715000; 57218599456; 59095951000; 36471057700; 57200671815; 6505910383; 27468015800; 55885143400; 18134766700; 6603696960; 23095594600; 16305967100","Megastudy testing 25 treatments to reduce antidemocratic attitudes and partisan animosity","2024","Science","386","6719","eadh4764","","","","30","10.1126/science.adh4764","https://www.scopus.com/inward/record.uri?eid=2-s2.0-85206798442&doi=10.1126%2fscience.adh4764&partnerID=40&md5=d12d99b3329e40082313053153bb49f5","Article","Final","","Scopus","2-s2.0-85206798442"
"Saghiran A.; Valdois S.; Diard J.","Saghiran, Ali (57919672700); Valdois, Sylviane (13605937800); Diard, Julien (7005237296)","57919672700; 13605937800; 7005237296","Simulating length and frequency effects across multiple tasks with the Bayesian model BRAID-Phon","2020","Proceedings for the 42nd Annual Meeting of the Cognitive Science Society: Developing a Mind: Learning in Humans, Animals, and Machines, CogSci 2020","","","","3158","3163","5","5","","https://www.scopus.com/inward/record.uri?eid=2-s2.0-85119873141&partnerID=40&md5=df9245c7c77d52df98ff8ac4e20f7ffc","Conference paper","Final","","Scopus","2-s2.0-85119873141"
"Nishimura R.; Sone H.; Nakagami T.; Tajima N.","Nishimura, Rimei (7201416793); Sone, Hirohito (7102062650); Nakagami, Tomoko (7006023112); Tajima, Naoko (7102220992)","7201416793; 7102062650; 7006023112; 7102220992","Importance of high-density lipoprotein cholesterol control during pravastatin treatment in hypercholesterolemic Japanese with type 2 diabetes mellitus: A post hoc analysis of MEGA study","2013","Diabetes Research and Clinical Practice","100","2","","e31","e33","2","3","10.1016/j.diabres.2013.02.003","https://www.scopus.com/inward/record.uri?eid=2-s2.0-84878348555&doi=10.1016%2fj.diabres.2013.02.003&partnerID=40&md5=893faa7dea8d5d9a72e10e10800f804b","Article","Final","","Scopus","2-s2.0-84878348555"
"Nakamura H.","Nakamura, H. (57192332842)","57192332842","Primary prevention of cardiovascular diseases among hypercholesterolemic Japanese with a low dose of pravastatin","2007","Atherosclerosis Supplements","8","2 SPEC. ISS.","","13","17","4","16","10.1016/j.atherosclerosissup.2007.02.003","https://www.scopus.com/inward/record.uri?eid=2-s2.0-34547683160&doi=10.1016%2fj.atherosclerosissup.2007.02.003&partnerID=40&md5=d23a5b4441bbac34f2d20129021609b2","Article","Final","","Scopus","2-s2.0-34547683160"
"Douillet D.; Nemeth B.; Penaloza A.; Le Gal G.; Moumneh T.; Cannegieter S.C.; Roy P.M.","Douillet, D. (50561218700); Nemeth, B. (56995771500); Penaloza, A. (6603452989); Le Gal, G. (57205921533); Moumneh, T. (57193422711); Cannegieter, S.C. (6603381281); Roy, P.M. (55577569200)","50561218700; 56995771500; 6603452989; 57205921533; 57193422711; 6603381281; 55577569200","Venous thromboembolism risk stratification for patients with lower limb trauma and cast or brace immobilization","2019","PLoS ONE","14","6","e0217748","","","","21","10.1371/journal.pone.0217748","https://www.scopus.com/inward/record.uri?eid=2-s2.0-85067391197&doi=10.1371%2fjournal.pone.0217748&partnerID=40&md5=82c3c04e8e36d87e9879e408201afc09","Article","Final","All Open Access; Gold Open Access; Green Open Access","Scopus","2-s2.0-85067391197"
"Koba S.; Sasaki J.","Koba, Shinji (7005452036); Sasaki, Jun (58880166300)","7005452036; 58880166300","Treatment of hyperlipidemia from Japanese evidence","2006","Journal of Atherosclerosis and Thrombosis","13","6","","267","280","13","17","10.5551/jat.13.267","https://www.scopus.com/inward/record.uri?eid=2-s2.0-39049188743&doi=10.5551%2fjat.13.267&partnerID=40&md5=37e93155f94d5aa2551356d02b4a64b3","Review","Final","All Open Access; Green Open Access; Hybrid Gold Open Access","Scopus","2-s2.0-39049188743"
"Timp J.F.; Braekkan S.K.; Lijfering W.M.; Van Hylckama Vlieg A.; Hansen J.-B.; Rosendaal F.R.; Le Cessie S.; Cannegieter S.C.","Timp, Jasmijn F. (55904578000); Braekkan, Sigrid K. (16300693700); Lijfering, Willem M. (14066134200); Van Hylckama Vlieg, Astrid (6603645457); Hansen, John-Bjarne (7404333745); Rosendaal, Frits R. (7004174530); Le Cessie, Saskia (7003893668); Cannegieter, Suzanne C. (6603381281)","55904578000; 16300693700; 14066134200; 6603645457; 7404333745; 7004174530; 7003893668; 6603381281","Prediction of recurrent venous thrombosis in all patients with a first venous thrombotic event: The Leiden Thrombosis Recurrence Risk Prediction model (L-TRRiP)","2019","PLoS Medicine","16","10","e1002883","","","","43","10.1371/journal.pmed.1002883","https://www.scopus.com/inward/record.uri?eid=2-s2.0-85073155456&doi=10.1371%2fjournal.pmed.1002883&partnerID=40&md5=e9b7bebf8d5e0470c20ffba3d8510a88","Article","Final","All Open Access; Gold Open Access; Green Open Access","Scopus","2-s2.0-85073155456"
"Guedes J.; Szadai L.; Woldmar N.; Jánosi Á.J.; Koroncziová K.; Lengyel B.M.; Kelemen B.; Boltas E.; Gyulai R.; Wieslander E.; Pawłowski K.; Horvatovich P.; Betancourt L.; Szasz A.M.; Vereb Z.; Horvath P.; Oskolás H.; Appelqvist R.; Malm J.; Marko-Varga G.; Németh I.B.; Gil J.","Guedes, Jessica (57199420995); Szadai, Leticia (57226426423); Woldmar, Nicole (57218189841); Jánosi, Ágnes Judit (57363539500); Koroncziová, Klára (59948903400); Lengyel, Blanka Míra (59949227100); Kelemen, Bella (59950026400); Boltas, Eszter (59949227200); Gyulai, Rolland (6602080559); Wieslander, Elisabet (6602381732); Pawłowski, Krzysztof (35613244700); Horvatovich, Peter (6602661167); Betancourt, Lazaro (7004123818); Szasz, A. Marcell (24723204500); Vereb, Zoltan (8087503500); Horvath, Peter (9040610000); Oskolás, Henriett (14023222700); Appelqvist, Roger (6507886429); Malm, Johan (7102065099); Marko-Varga, Gyorgy (56091202200); Németh, István Balázs (7004535074); Gil, Jeovanis (8410736700)","57199420995; 57226426423; 57218189841; 57363539500; 59948903400; 59949227100; 59950026400; 59949227200; 6602080559; 6602381732; 35613244700; 6602661167; 7004123818; 24723204500; 8087503500; 9040610000; 14023222700; 6507886429; 7102065099; 56091202200; 7004535074; 8410736700","The melanoma MEGA-study: Integrating proteogenomics, digital pathology, and AI-analytics for precision oncology","2025","Journal of Proteomics","319","","105482","","","","0","10.1016/j.jprot.2025.105482","https://www.scopus.com/inward/record.uri?eid=2-s2.0-105008352204&doi=10.1016%2fj.jprot.2025.105482&partnerID=40&md5=f536d3674396863dccb95a2e9c795938","Article","Final","","Scopus","2-s2.0-105008352204"
"Mizuno K.; Nakaya N.; Ohashi Y.; Tajima N.; Kushiro T.; Teramoto T.; Uchiyama S.; Nakamura H.","Mizuno, Kyoichi (56799740800); Nakaya, Noriaki (55374933400); Ohashi, Yasuo (55237387500); Tajima, Naoko (7102220992); Kushiro, Toshio (55372479000); Teramoto, Tamio (7102939543); Uchiyama, Shinichiro (55447042900); Nakamura, Haruo (57192332842)","56799740800; 55374933400; 55237387500; 7102220992; 55372479000; 7102939543; 55447042900; 57192332842","Usefulness of pravastatin in primary prevention of cardiovascular events in women : Analysis of the management of elevated cholesterol in the primary prevention group of adult japanese (MEGA Study)","2008","Circulation","117","4","","494","502","8","92","10.1161/CIRCULATIONAHA.106.671826","https://www.scopus.com/inward/record.uri?eid=2-s2.0-41049106374&doi=10.1161%2fCIRCULATIONAHA.106.671826&partnerID=40&md5=02ec45eb867c66011de73d7c0e2dc139","Article","Final","All Open Access; Bronze Open Access","Scopus","2-s2.0-41049106374"
"Gromet D.M.; Ellis S.F.; Kay J.S.; Graci H.N.","Gromet, Dena M. (15839360600); Ellis, Sean F. (57194453326); Kay, Joseph S. (56610548500); Graci, Heather N. (57223179362)","15839360600; 57194453326; 56610548500; 57223179362","The Megastudy Approach for Changing Behavior at Scale","2023","Behavioral Public Policy in a Global Context: Practical Lessons from Outside the Nudge Unit","","","","345","360","15","1","10.1007/978-3-031-31509-1_22","https://www.scopus.com/inward/record.uri?eid=2-s2.0-85208857090&doi=10.1007%2f978-3-031-31509-1_22&partnerID=40&md5=4613bd09bd5d2a135234aa74b7d7ccc1","Book chapter","Final","","Scopus","2-s2.0-85208857090"
"Cortese M.J.","Cortese, Michael J. (7006388161)","7006388161","The megastudy paradigm: A new direction for behavioral research in cognitive science","2019","New Methods in Cognitive Psychology","","","","67","85","18","2","10.4324/9780429318405-4","https://www.scopus.com/inward/record.uri?eid=2-s2.0-85105233511&doi=10.4324%2f9780429318405-4&partnerID=40&md5=67e1aa62bd244afaba18e78ef1f07b49","Book chapter","Final","","Scopus","2-s2.0-85105233511"
"Kivimäki M.; Steptoe A.","Kivimäki, Mika (7004391239); Steptoe, Andrew (7102289942)","7004391239; 7102289942","Effects of stress on the development and progression of cardiovascular disease","2018","Nature Reviews Cardiology","15","4","","215","229","14","792","10.1038/nrcardio.2017.189","https://www.scopus.com/inward/record.uri?eid=2-s2.0-85044153529&doi=10.1038%2fnrcardio.2017.189&partnerID=40&md5=a36f1ee1c8dd9d053cd56f45b4da181b","Review","Final","All Open Access; Green Open Access","Scopus","2-s2.0-85044153529"
"Heyman T.; Van Akeren L.; Hutchison K.A.; Storms G.","Heyman, Tom (54955920900); Van Akeren, Liselotte (56916077600); Hutchison, Keith A. (7005354201); Storms, Gert (7003694842)","54955920900; 56916077600; 7005354201; 7003694842","Filling the gaps: A speeded word fragment completion megastudy","2016","Behavior Research Methods","48","4","","1508","1527","19","12","10.3758/s13428-015-0663-3","https://www.scopus.com/inward/record.uri?eid=2-s2.0-84944916562&doi=10.3758%2fs13428-015-0663-3&partnerID=40&md5=68a8098ce78c4c3201daa78edf74f92c","Article","Final","All Open Access; Bronze Open Access; Green Open Access","Scopus","2-s2.0-84944916562"
"Matabuena M.; Salgado F.J.; Nieto-Fontarigo J.J.; Álvarez-Puebla M.J.; Arismendi E.; Barranco P.; Bobolea I.; Caballero M.L.; Cañas J.A.; Cárdaba B.; Cruz M.J.; Curto E.; Domínguez-Ortega J.; Luna J.A.; Martínez-Rivera C.; Mullol J.; Muñoz X.; Rodriguez-Garcia J.; Olaguibel J.M.; Picado C.; Plaza V.; Quirce S.; Rial M.J.; Romero-Mesones C.; Sastre B.; Soto-Retes L.; Valero A.; Valverde-Monge M.; Del Pozo V.; Sastre J.; González-Barcala F.J.","Matabuena, Marcos (57201747583); Salgado, Francisco Javier (7004610023); Nieto-Fontarigo, Juan José (57190836990); Álvarez-Puebla, María J. (6602891676); Arismendi, Ebymar (56364294800); Barranco, Pilar (6603683643); Bobolea, Irina (23990324500); Caballero, María L. (7102935205); Cañas, José Antonio (56490226800); Cárdaba, Blanca (6701438382); Cruz, María Jesus (7201363754); Curto, Elena (57190293320); Domínguez-Ortega, Javier (55881150900); Luna, Juan Alberto (57201275584); Martínez-Rivera, Carlos (6505909372); Mullol, Joaquim (55972415400); Muñoz, Xavier (7004333448); Rodriguez-Garcia, Javier (7006244290); Olaguibel, José María (7003291953); Picado, César (7005729140); Plaza, Vicente (7004891871); Quirce, Santiago (56186264200); Rial, Manuel J. (57205108050); Romero-Mesones, Christian (57196441208); Sastre, Beatriz (57218403118); Soto-Retes, Lorena (57192711703); Valero, Antonio (35276323700); Valverde-Monge, Marcela (57202267296); Del Pozo, Victoria (57208477620); Sastre, Joaquín (14326067900); González-Barcala, Francisco Javier (6505780308)","57201747583; 7004610023; 57190836990; 6602891676; 56364294800; 6603683643; 23990324500; 7102935205; 56490226800; 6701438382; 7201363754; 57190293320; 55881150900; 57201275584; 6505909372; 55972415400; 7004333448; 7006244290; 7003291953; 7005729140; 7004891871; 56186264200; 57205108050; 57196441208; 57218403118; 57192711703; 35276323700; 57202267296; 57208477620; 14326067900; 6505780308","Identification of Asthma Phenotypes in the Spanish MEGA Cohort Study Using Cluster Analysis","2023","Archivos de Bronconeumologia","59","4","","223","231","8","8","10.1016/j.arbres.2023.01.007","https://www.scopus.com/inward/record.uri?eid=2-s2.0-85150051248&doi=10.1016%2fj.arbres.2023.01.007&partnerID=40&md5=c41f6f32bafeee25ae65bbfe69999fd1","Article","Final","All Open Access; Bronze Open Access","Scopus","2-s2.0-85150051248"
"Rosendaal F.R.; Van Hylckama Vlieg A.; Doggen C.J.M.","Rosendaal, F.R. (7004174530); Van Hylckama Vlieg, A. (6603645457); Doggen, C.J.M. (6603389610)","7004174530; 6603645457; 6603389610","Venous thrombosis in the elderly","2007","Journal of Thrombosis and Haemostasis","5","SUPPL. 1","","310","317","7","100","10.1111/j.1538-7836.2007.02489.x","https://www.scopus.com/inward/record.uri?eid=2-s2.0-34250726123&doi=10.1111%2fj.1538-7836.2007.02489.x&partnerID=40&md5=5e6904cd1561d86cf8f1055072561331","Review","Final","All Open Access; Green Open Access","Scopus","2-s2.0-34250726123"
"Ramcharan A.S.; Van Stralen K.J.; Snoep J.D.; Mantel-teeuwisse A.K.; Rosendaal F.R.; Doggen C.J.M.","Ramcharan, A.S. (55282642100); Van Stralen, K.J. (11339913600); Snoep, J.D. (14020623700); Mantel-teeuwisse, A.K. (6602462763); Rosendaal, Frits R. (7004174530); Doggen, C.J.M. (6603389610)","55282642100; 11339913600; 14020623700; 6602462763; 7004174530; 6603389610","HMG-CoA reductase inhibitors, other lipid-lowering medication, antiplatelet therapy, and the risk of venous thrombosis","2009","Journal of Thrombosis and Haemostasis","7","4","","514","520","6","100","10.1111/j.1538-7836.2008.03235.x","https://www.scopus.com/inward/record.uri?eid=2-s2.0-63049128422&doi=10.1111%2fj.1538-7836.2008.03235.x&partnerID=40&md5=ae2fc27f850d3c8694955c97dca6dd19","Article","Final","All Open Access; Bronze Open Access; Green Open Access","Scopus","2-s2.0-63049128422"
"Katko T.S.; Juuti P.S.; Juuti R.P.; Nealer E.J.","Katko, Tapio S. (6603927073); Juuti, Petri S. (8833481200); Juuti, Riikka P. (57222474651); Nealer, Eric J. (35218078600)","6603927073; 8833481200; 57222474651; 35218078600","Managing Water and Wastewater Services in Finland, 1860–2020 and Beyond","2022","Earth (Switzerland)","3","2","","590","613","23","1","10.3390/earth3020035","https://www.scopus.com/inward/record.uri?eid=2-s2.0-85147457138&doi=10.3390%2fearth3020035&partnerID=40&md5=8ddf4febfe456c173ce5b08a746911ed","Article","Final","All Open Access; Gold Open Access","Scopus","2-s2.0-85147457138"
"Nakagami T.; Nishimura R.; Sone H.; Tajima N.","Nakagami, Tomoko (7006023112); Nishimura, Rimei (7201416793); Sone, Hirohito (7102062650); Tajima, Naoko (7102220992)","7006023112; 7201416793; 7102062650; 7102220992","The combination of elevated triglycerides and abnormal fasting glucose increases risk of cerebral infarction in patients with mild to moderate hypercholesterolemia: A post hoc analysis of the MEGA Study","2015","Journal of Cardiovascular Pharmacology and Therapeutics","20","2","","169","173","4","3","10.1177/1074248414537706","https://www.scopus.com/inward/record.uri?eid=2-s2.0-84922665663&doi=10.1177%2f1074248414537706&partnerID=40&md5=7206fddbac91b59fb1f6e7c79842be78","Article","Final","All Open Access; Bronze Open Access","Scopus","2-s2.0-84922665663"
"Nakamura H.","Nakamura, Haruo (57192332842)","57192332842","Primary prevention trial by lowering hyperlipidemia on the cardiovascular disease (MEGA Study)","2009","Japanese Journal of Geriatrics","46","1","","18","21","3","2","10.3143/geriatrics.46.18","https://www.scopus.com/inward/record.uri?eid=2-s2.0-60549095917&doi=10.3143%2fgeriatrics.46.18&partnerID=40&md5=974a82991fc2b43d7addf9ff57b7c0e2","Conference paper","Final","All Open Access; Bronze Open Access","Scopus","2-s2.0-60549095917"
"Milkman K.L.; Ellis S.F.; Gromet D.M.; Jung Y.; Luscher A.S.; Mobarak R.S.; Paxson M.K.; Silvera Zumaran R.A.; Kuan R.; Berman R.; Lewis N.A., Jr; List J.A.; Patel M.S.; Van den Bulte C.; Volpp K.G.; Beauvais M.V.; Bellows J.K.; Marandola C.A.; Duckworth A.L.","Milkman, Katherine L. (20433982500); Ellis, Sean F. (57194453326); Gromet, Dena M. (15839360600); Jung, Youngwoo (59195634800); Luscher, Alex S. (59196261200); Mobarak, Rayyan S. (57736374000); Paxson, Madeline K. (59196474200); Silvera Zumaran, Ramon A. (59195838000); Kuan, Robert (59195634900); Berman, Ron (55808507500); Lewis, Neil A. (56670807500); List, John A. (26643272500); Patel, Mitesh S. (55464128300); Van den Bulte, Christophe (6603329904); Volpp, Kevin G. (6603864613); Beauvais, Maryann V. (59195635000); Bellows, Jonathon K. (59196261300); Marandola, Cheryl A. (59196474300); Duckworth, Angela L. (11138779200)","20433982500; 57194453326; 15839360600; 59195634800; 59196261200; 57736374000; 59196474200; 59195838000; 59195634900; 55808507500; 56670807500; 26643272500; 55464128300; 6603329904; 6603864613; 59195635000; 59196261300; 59196474300; 11138779200","Megastudy shows that reminders boost vaccination but adding free rides does not","2024","Nature","631","8019","","179","188","9","13","10.1038/s41586-024-07591-x","https://www.scopus.com/inward/record.uri?eid=2-s2.0-85197154842&doi=10.1038%2fs41586-024-07591-x&partnerID=40&md5=7f2eb9219146ff6a3d119a06022c9e0c","Article","Final","","Scopus","2-s2.0-85197154842"
"Bultas J.","Bultas, Jan (56262800400)","56262800400","Are proton pump inhibitors an effective and safe drug not only in the prophylaxis of gastrointestinal bleeding in antithrombotic treatment?; [Jsou inhibitory protonové pumpy účinným a bezpečným lékem nejen v profylaxi gastrointestinálního krvácení při antitrombotické léčbě?]","2020","Vnitrni Lekarstvi","66","3","","169","179","10","0","10.36290/VNL.2020.046","https://www.scopus.com/inward/record.uri?eid=2-s2.0-85091621479&doi=10.36290%2fVNL.2020.046&partnerID=40&md5=171d0aaecb8fa713b191ab1786fdde98","Article","Final","","Scopus","2-s2.0-85091621479"
"Matsushita Y.; Sugihara M.; Kaburagi J.; Ozawa M.; Iwashita M.; Yoshida S.; Saito H.; Hattori Y.","Matsushita, Yasuyuki (35299711100); Sugihara, Masahiro (35300852000); Kaburagi, Junpei (35767929000); Ozawa, Masumi (35768133900); Iwashita, Mikio (7005032745); Yoshida, Sanae (23037547400); Saito, Hanako (35768531800); Hattori, Yoko (35767588000)","35299711100; 35300852000; 35767929000; 35768133900; 7005032745; 23037547400; 35768531800; 35767588000","Pravastatin use and cancer risk: A meta-analysis of individual patient data from long-term prospective controlled trials in Japan","2010","Pharmacoepidemiology and Drug Safety","19","2","","196","202","6","40","10.1002/pds.1870","https://www.scopus.com/inward/record.uri?eid=2-s2.0-76149090190&doi=10.1002%2fpds.1870&partnerID=40&md5=be2a29aaec868649e979805e999c7846","Article","Final","","Scopus","2-s2.0-76149090190"
"Zickfeld J.H.; Ścigała K.A.; Elbæk C.T.; Michael J.; Tønnesen M.H.; Levy G.; Ayal S.; Thielmann I.; Nockur L.; Peer E.; Capraro V.; Barkan R.; Bø S.; Bahník Š.; Nosenzo D.; Hertwig R.; Mazar N.; Weiss A.; Koessler A.-K.; Montal-Rosenberg R.; Hafenbrädl S.; Nielsen Y.A.; Kanngiesser P.; Schindler S.; Gerlach P.; Köbis N.; Jacquemet N.; Vranka M.; Ariely D.; Martuza J.B.; Feldman Y.; Białek M.; Woike J.K.; Rahwan Z.; Seidl A.; Chou E.; Kajackaite A.; Schudy S.; Glogowsky U.; Czarna A.Z.; Pfattheicher S.; Mitkidis P.","Zickfeld, Janis H. (57192683200); Ścigała, Karolina A. (57205333775); Elbæk, Christian T. (57219005068); Michael, John (57214087820); Tønnesen, Mathilde H. (57208123963); Levy, Gabriel (36647902900); Ayal, Shahar (26324753900); Thielmann, Isabel (56107426200); Nockur, Laila (57202706538); Peer, Eyal (14527451300); Capraro, Valerio (49361021300); Barkan, Rachel (7004148116); Bø, Simen (57211574442); Bahník, Štěpán (55199822700); Nosenzo, Daniele (35751318100); Hertwig, Ralph (6701597346); Mazar, Nina (12144003900); Weiss, Alexa (57192203763); Koessler, Ann-Kathrin (57207862460); Montal-Rosenberg, Ronit (57207102391); Hafenbrädl, Sebastian (37121922600); Nielsen, Yngwie Asbjørn (57376097400); Kanngiesser, Patricia (35118791100); Schindler, Simon (43261647700); Gerlach, Philipp (57195575877); Köbis, Nils (56426601500); Jacquemet, Nicolas (56441494800); Vranka, Marek (56188307200); Ariely, Dan (7003817999); Martuza, Jareef Bin (57571855200); Feldman, Yuval (25947420500); Białek, Michał (56333322000); Woike, Jan K. (36787926200); Rahwan, Zoe (57202422037); Seidl, Alicia (58156273800); Chou, Eileen (24479486900); Kajackaite, Agne (56663213800); Schudy, Simeon (55067961200); Glogowsky, Ulrich (56375996900); Czarna, Anna Z. (22956799800); Pfattheicher, Stefan (51161934700); Mitkidis, Panagiotis (55734672700)","57192683200; 57205333775; 57219005068; 57214087820; 57208123963; 36647902900; 26324753900; 56107426200; 57202706538; 14527451300; 49361021300; 7004148116; 57211574442; 55199822700; 35751318100; 6701597346; 12144003900; 57192203763; 57207862460; 57207102391; 37121922600; 57376097400; 35118791100; 43261647700; 57195575877; 56426601500; 56441494800; 56188307200; 7003817999; 57571855200; 25947420500; 56333322000; 36787926200; 57202422037; 58156273800; 24479486900; 56663213800; 55067961200; 56375996900; 22956799800; 51161934700; 55734672700","Effectiveness of ex ante honesty oaths in reducing dishonesty depends on content","2025","Nature Human Behaviour","9","1","","169","187","18","1","10.1038/s41562-024-02009-0","https://www.scopus.com/inward/record.uri?eid=2-s2.0-85207022864&doi=10.1038%2fs41562-024-02009-0&partnerID=40&md5=e324419f77d901d480c8c93a09f9b121","Article","Final","All Open Access; Green Open Access","Scopus","2-s2.0-85207022864"
"Schröter P.; Schroeder S.","Schröter, Pauline (56925126300); Schroeder, Sascha (24382155600)","56925126300; 24382155600","The Developmental Lexicon Project: A behavioral database to investigate visual word recognition across the lifespan","2017","Behavior Research Methods","49","6","","2183","2203","20","32","10.3758/s13428-016-0851-9","https://www.scopus.com/inward/record.uri?eid=2-s2.0-85010788166&doi=10.3758%2fs13428-016-0851-9&partnerID=40&md5=9ca79d434eff3da572e91074963d1ce0","Article","Final","All Open Access; Hybrid Gold Open Access","Scopus","2-s2.0-85010788166"
"Sevic A.; Hashemi N.S.; Thørrisen M.M.; Strømstad K.; Skarpaas L.S.; Storm M.; Brønnick K.K.","Sevic, Aleksandra (57225891999); Hashemi, Neda S. (57217446131); Thørrisen, Mikkel Magnus (55983438100); Strømstad, Kine (58194523600); Skarpaas, Lisebet Skeie (55253962300); Storm, Marianne (35280767300); Brønnick, Kolbjørn Kallesten (8654815600)","57225891999; 57217446131; 55983438100; 58194523600; 55253962300; 35280767300; 8654815600","Effectiveness of eHealth Interventions Targeting Employee Health Behaviors: Systematic Review","2023","Journal of Medical Internet Research","25","","e38307","","","","7","10.2196/38307","https://www.scopus.com/inward/record.uri?eid=2-s2.0-85153413505&doi=10.2196%2f38307&partnerID=40&md5=d85d4e95c84f7b6fa00a316ec7af66c0","Review","Final","All Open Access; Gold Open Access; Green Open Access","Scopus","2-s2.0-85153413505"
"Teramoto T.; Ohashi Y.; Nakaya N.; Yokoyama S.; Mizuno K.; Nakamura H.","Teramoto, Tamio (7102939543); Ohashi, Yasuo (55237387500); Nakaya, Noriaki (55374933400); Yokoyama, Shinji (7402757936); Mizuno, Kyoichi (56799740800); Nakamura, Haruo (57192332842)","7102939543; 55237387500; 55374933400; 7402757936; 56799740800; 57192332842","Practical risk prediction tools for coronary heart disease in mild to moderate hypercholesterolemia in Japan - Originated from the MEGA study data","2008","Circulation Journal","72","10","","1569","1575","6","16","10.1253/circj.CJ-08-0191","https://www.scopus.com/inward/record.uri?eid=2-s2.0-52749091185&doi=10.1253%2fcircj.CJ-08-0191&partnerID=40&md5=6b0d297d2d1e162e3b0ee89b81e5b771","Article","Final","All Open Access; Bronze Open Access","Scopus","2-s2.0-52749091185"
"Buttenheim A.; Milkman K.L.; Duckworth A.L.; Gromet D.M.; Patel M.; Chapman G.","Buttenheim, Alison (25626268400); Milkman, Katherine L. (20433982500); Duckworth, Angela L. (11138779200); Gromet, Dena M. (15839360600); Patel, Mitesh (55464128300); Chapman, Gretchen (7202936562)","25626268400; 20433982500; 11138779200; 15839360600; 55464128300; 7202936562","Effects of Ownership Text Message Wording and Reminders on Receipt of an Influenza Vaccination: A Randomized Clinical Trial","2022","JAMA Network Open","5","2","e2143388","","","","33","10.1001/jamanetworkopen.2021.43388","https://www.scopus.com/inward/record.uri?eid=2-s2.0-85124777809&doi=10.1001%2fjamanetworkopen.2021.43388&partnerID=40&md5=0fcf25c1c5fa67ad65e8b25666157084","Article","Final","All Open Access; Gold Open Access; Green Open Access","Scopus","2-s2.0-85124777809"
"Nakamura H.","Nakamura, Haruo (57192332842)","57192332842","The MEGA study - Authors' reply","2006","Lancet","368","9552","","2052","","","0","10.1016/S0140-6736(06)69833-4","https://www.scopus.com/inward/record.uri?eid=2-s2.0-33845192920&doi=10.1016%2fS0140-6736%2806%2969833-4&partnerID=40&md5=da4e01acb75d26c8309be1492c61919b","Letter","Final","","Scopus","2-s2.0-33845192920"
"Li-Gao R.; Morelli V.M.; Lijfering W.M.; Cannegieter S.C.; Rosendaal F.R.; van Hylckama Vlieg A.","Li-Gao, Ruifang (57202561151); Morelli, Vânia M. (35444726400); Lijfering, Willem M. (14066134200); Cannegieter, Suzanne C. (6603381281); Rosendaal, Frits R. (7004174530); van Hylckama Vlieg, Astrid (6603645457)","57202561151; 35444726400; 14066134200; 6603381281; 7004174530; 6603645457","Glucose levels and diabetes are not associated with the risk of venous thrombosis: results from the MEGA case-control study","2019","British Journal of Haematology","184","3","","431","435","4","10","10.1111/bjh.15599","https://www.scopus.com/inward/record.uri?eid=2-s2.0-85057322157&doi=10.1111%2fbjh.15599&partnerID=40&md5=e84aefbe9b2447fe4d90425d28bec313","Article","Final","All Open Access; Green Open Access","Scopus","2-s2.0-85057322157"
"Ogawa H.; Sakamoto T.; Sugiyama S.; Cannon C.P.","Ogawa, Hisao (55485134500); Sakamoto, Tomohiro (57198877628); Sugiyama, Seigo (7402031001); Cannon, Christopher Paul (7202171576)","55485134500; 57198877628; 7402031001; 7202171576","Acute Coronary Syndrome (ACS) in Japan and role of statins in the treatment of ACS","2007","Therapeutic Research","28","2","","261","268","7","0","","https://www.scopus.com/inward/record.uri?eid=2-s2.0-34247232241&partnerID=40&md5=0f32139fca2a55f9399cd5ff7cc547a9","Review","Final","","Scopus","2-s2.0-34247232241"
"Tajima N.; Kurata H.; Nakaya N.; Mizuno K.; Ohashi Y.; Kushiro T.; Teramoto T.; Uchiyama S.; Nakamura H.","Tajima, Naoko (7102220992); Kurata, Hideaki (35594843000); Nakaya, Noriaki (55374933400); Mizuno, Kyoichi (56799740800); Ohashi, Yasuo (55237387500); Kushiro, Toshio (55372479000); Teramoto, Tamio (7102939543); Uchiyama, Shinichiro (55447042900); Nakamura, Haruo (57192332842)","7102220992; 35594843000; 55374933400; 56799740800; 55237387500; 55372479000; 7102939543; 55447042900; 57192332842","Pravastatin reduces the risk for cardiovascular disease in Japanese hypercholesterolemic patients with impaired fasting glucose or diabetes: Diabetes subanalysis of the Management of Elevated Cholesterol in the Primary Prevention Group of Adult Japanese (MEGA) Study","2008","Atherosclerosis","199","2","","455","462","7","52","10.1016/j.atherosclerosis.2008.05.027","https://www.scopus.com/inward/record.uri?eid=2-s2.0-47649118770&doi=10.1016%2fj.atherosclerosis.2008.05.027&partnerID=40&md5=07b11ea0c0a9a3d4556cedf1d4f0d3ac","Article","Final","","Scopus","2-s2.0-47649118770"
"Teramoto T.; Kawamori R.; Miyazaki S.; Teramukai S.; Mori Y.; Okuda Y.; Hiramatsu K.","Teramoto, Tamio (7102939543); Kawamori, Ryuzo (35371089600); Miyazaki, Shigeru (55422431900); Teramukai, Satoshi (6603068974); Mori, Yoshihiro (37042955300); Okuda, Yasuyuki (56071698900); Hiramatsu, Katsutoshi (26658073500)","7102939543; 35371089600; 55422431900; 6603068974; 37042955300; 56071698900; 26658073500","Risk factors for primary prevention of cardiovascular disease and risk reduction by lipid control: The OMEGA study risk factor sub-analysis","2014","Clinical and Experimental Hypertension","36","4","","236","243","7","7","10.3109/10641963.2013.810226","https://www.scopus.com/inward/record.uri?eid=2-s2.0-84901820498&doi=10.3109%2f10641963.2013.810226&partnerID=40&md5=94761829c3427858f72f8733c5f24fd0","Article","Final","","Scopus","2-s2.0-84901820498"
"Watanabe H.","Watanabe, Hiroshi (55624475907)","55624475907","MEGA study and future perspective","2008","Japanese Journal of Clinical Pharmacology and Therapeutics","39","5","","147","150","3","0","10.3999/jscpt.39.147","https://www.scopus.com/inward/record.uri?eid=2-s2.0-54249091094&doi=10.3999%2fjscpt.39.147&partnerID=40&md5=c930609eaa71f31268f6793af17604d9","Short survey","Final","All Open Access; Bronze Open Access","Scopus","2-s2.0-54249091094"
"Teramoto T.; Fujita T.; Kawamori R.; Miyazaki S.; Teramukai S.; Igarashi M.","Teramoto, Tamio (7102939543); Fujita, Toshiro (57220800759); Kawamori, Ryuzo (35371089600); Miyazaki, Shigeru (55422431900); Teramukai, Satoshi (6603068974); Igarashi, Masao (36772482800)","7102939543; 57220800759; 35371089600; 55422431900; 6603068974; 36772482800","OMEGA study: Design, baseline data, metabolic syndrome prevalence in a large-scale observational study of hypertensive patients: The olmesartan mega study to determine the relationship between cardiovascular endpoints and blood pressure goal achievement study","2008","Hypertension Research","31","11","","2011","2017","6","11","10.1291/hypres.31.2011","https://www.scopus.com/inward/record.uri?eid=2-s2.0-58849089961&doi=10.1291%2fhypres.31.2011&partnerID=40&md5=f5019dbaa7ff9dc9bb3f8a73f6faca92","Article","Final","All Open Access; Bronze Open Access","Scopus","2-s2.0-58849089961"
"Kang S.H.K.; Yap M.J.; Tse C.-S.; Kurby C.A.","Kang, Sean H. K. (36702799600); Yap, Melvin J. (35323374500); Tse, Chi-Shing (9243746700); Kurby, Christopher A. (10239178500)","36702799600; 35323374500; 9243746700; 10239178500","Semantic size does not matter: ""Bigger"" words are not recognized faster","2011","Quarterly Journal of Experimental Psychology","64","6","","1041","1047","6","23","10.1080/17470218.2011.575947","https://www.scopus.com/inward/record.uri?eid=2-s2.0-79958124191&doi=10.1080%2f17470218.2011.575947&partnerID=40&md5=c661154f57ae33366f90b7a5843c6fd8","Article","Final","All Open Access; Green Open Access","Scopus","2-s2.0-79958124191"
"Nickel F.; Studier-Fischer A.; Hausmann D.; Klotz R.; Vogel-Adigozalov S.L.; Tenckhoff S.; Klose C.; Feisst M.; Zimmermann S.; Babic B.; Berlt F.; Bruns C.; Gockel I.; Graf S.; Grimminger P.; Gutschow C.A.; Hoeppner J.; Ludwig K.; Mirow L.; Mönig S.; Reim D.; Seyfried F.; Stange D.; Billeter A.; Nienhüser H.; Probst P.; Schmidt T.; Müller-Stich B.P.","Nickel, FeliX (35603936500); Studier-Fischer, Alexander (57211113390); Hausmann, David (57737793800); Klotz, Rosa (57197546466); Vogel-Adigozalov, Sophia Lara (57216937757); Tenckhoff, Solveig (56685478800); Klose, Christina (6603576644); Feisst, Manuel (57196038239); Zimmermann, Samuel (57364644800); Babic, Benjamin (56191205000); Berlt, FeliX (57948395800); Bruns, Christiane (57216057302); Gockel, Ines (6701882791); Graf, Sandra (57150386000); Grimminger, Peter (24821313400); Gutschow, Christian A (6603750280); Hoeppner, Jens (26221234200); Ludwig, Kaja (7102621131); Mirow, Lutz (56632661200); Mönig, Stefan (7005865880); Reim, Daniel (8415415700); Seyfried, Florian (35103426100); Stange, Daniel (8559725700); Billeter, Adrian (6508282710); Nienhüser, Henrik (57191294125); Probst, Pascal (56395034900); Schmidt, Thomas (57205350374); Müller-Stich, Beat Peter (14322034300)","35603936500; 57211113390; 57737793800; 57197546466; 57216937757; 56685478800; 6603576644; 57196038239; 57364644800; 56191205000; 57948395800; 57216057302; 6701882791; 57150386000; 24821313400; 6603750280; 26221234200; 7102621131; 56632661200; 7005865880; 8415415700; 35103426100; 8559725700; 6508282710; 57191294125; 56395034900; 57205350374; 14322034300","Minimally invasivE versus open total GAstrectomy (MEGA): Study protocol for a multicentre randomised controlled trial (DRKS00025765)","2022","BMJ Open","12","10","e064286","","","","12","10.1136/bmjopen-2022-064286","https://www.scopus.com/inward/record.uri?eid=2-s2.0-85140935954&doi=10.1136%2fbmjopen-2022-064286&partnerID=40&md5=6a707cec55a8a3cf89f6dc168230f8e6","Article","Final","All Open Access; Gold Open Access; Green Open Access","Scopus","2-s2.0-85140935954"
"Winsler K.; Holcomb P.J.; Emmorey K.","Winsler, Kurt (57194685259); Holcomb, Phillip J. (7003842688); Emmorey, Karen (6603692155)","57194685259; 7003842688; 6603692155","Electrophysiological patterns of visual word recognition in deaf and hearing readers: an ERP mega-study","2023","Language, Cognition and Neuroscience","38","5","","636","650","14","4","10.1080/23273798.2022.2135746","https://www.scopus.com/inward/record.uri?eid=2-s2.0-85139909639&doi=10.1080%2f23273798.2022.2135746&partnerID=40&md5=d77daa6624ae8a48c702956a614f8e57","Article","Final","All Open Access; Green Open Access","Scopus","2-s2.0-85139909639"
"Brysbaert M.; Stevens M.; De Deyne S.; Voorspoels W.; Storms G.","Brysbaert, Marc (7004325515); Stevens, Michaël (55435770300); De Deyne, Simon (6508044188); Voorspoels, Wouter (24765653800); Storms, Gert (7003694842)","7004325515; 55435770300; 6508044188; 24765653800; 7003694842","Norms of age of acquisition and concreteness for 30,000 Dutch words","2014","Acta Psychologica","150","","","80","84","4","165","10.1016/j.actpsy.2014.04.010","https://www.scopus.com/inward/record.uri?eid=2-s2.0-84900025011&doi=10.1016%2fj.actpsy.2014.04.010&partnerID=40&md5=5816c7bba0d50596b9161efdc6f86351","Article","Final","All Open Access; Green Open Access","Scopus","2-s2.0-84900025011"
"Goh W.D.; Yap M.J.; Chee Q.W.","Goh, Winston D. (7005651411); Yap, Melvin J. (35323374500); Chee, Qian Wen (57197721922)","7005651411; 35323374500; 57197721922","The Auditory English Lexicon Project: A multi-talker, multi-region psycholinguistic database of 10,170 spoken words and nonwords","2020","Behavior Research Methods","52","5","","2202","2231","29","36","10.3758/s13428-020-01352-0","https://www.scopus.com/inward/record.uri?eid=2-s2.0-85083786617&doi=10.3758%2fs13428-020-01352-0&partnerID=40&md5=b2ade4d108dac983d293fb7cefcd07bd","Article","Final","All Open Access; Bronze Open Access","Scopus","2-s2.0-85083786617"
"Hellström A.; Pivodic A.; Gränse L.; Lundgren P.; Sjöbom U.; Nilsson A.K.; Söderling H.; Hård A.-L.; Smith L.E.H.; Löfqvist C.A.","Hellström, Ann (7007157089); Pivodic, Aldina (26647724700); Gränse, Lotta (6506085450); Lundgren, Pia (55484484300); Sjöbom, Ulrika (57200272716); Nilsson, Anders K. (57201136405); Söderling, Helena (57311181800); Hård, Anna-Lena (55879995000); Smith, Lois E. H. (24304129400); Löfqvist, Chatarina Alice (7801365740)","7007157089; 26647724700; 6506085450; 55484484300; 57200272716; 57201136405; 57311181800; 55879995000; 24304129400; 7801365740","Association of Docosahexaenoic Acid and Arachidonic Acid Serum Levels with Retinopathy of Prematurity in Preterm Infants","2021","JAMA Network Open","4","10","e2128771","","","","51","10.1001/jamanetworkopen.2021.28771","https://www.scopus.com/inward/record.uri?eid=2-s2.0-85117775083&doi=10.1001%2fjamanetworkopen.2021.28771&partnerID=40&md5=f49cb70a4ee94b63c5084086184d9107","Article","Final","All Open Access; Gold Open Access; Green Open Access","Scopus","2-s2.0-85117775083"
"Uchiyama S.","Uchiyama, Shinichiro (55447042900)","55447042900","EBM of cerebral infaretion: Message from mega-studies","2003","Clinical Neurology","43","11","","884","886","2","0","","https://www.scopus.com/inward/record.uri?eid=2-s2.0-3543089142&partnerID=40&md5=bb6552698f289276bcfb6328da0cd0e6","Conference paper","Final","","Scopus","2-s2.0-3543089142"
"Ertl G.; Kochsiek K.","Ertl, G. (7202554255); Kochsiek, K. (7004693219)","7202554255; 7004693219","Treatment with ACE inhibitors after heart infarction: Are all the problems solved by 'mega-studies'?; [BEHANDLUNG NACH MYOKARDINFARKT MIT ACE-HEMMERN. ALLE PROBLEME GELOST DURCH 'MEGASTUDIEN'?]","1995","Internist","36","1","","62","66","4","0","","https://www.scopus.com/inward/record.uri?eid=2-s2.0-0028888478&partnerID=40&md5=89f22e99381f27f805baa6acbe015903","Short survey","Final","","Scopus","2-s2.0-0028888478"
"Bokura H.; Kobayashi S.","Bokura, Hirokazu (57214215512); Kobayashi, Shotai (26642979100)","57214215512; 26642979100","Management of hypertension in elderly patients with stroke","2005","Nippon rinsho. Japanese journal of clinical medicine","63","6","","1029","1032","3","0","","https://www.scopus.com/inward/record.uri?eid=2-s2.0-22844434427&partnerID=40&md5=1dbf50f082f39f487e644622894dd8ad","Review","Final","","Scopus","2-s2.0-22844434427"
"Itskovitz H.D.","Itskovitz, H.D. (7005096012)","7005096012","Alpha1-blockade for the treatment of hypertension: A megastudy of terazosin in 2214 clinical practice settings","1994","Clinical Therapeutics","16","3","","490","504","14","40","","https://www.scopus.com/inward/record.uri?eid=2-s2.0-0027941877&partnerID=40&md5=718c4349d758896eede692b0a4f0e16e","Article","Final","","Scopus","2-s2.0-0027941877"
"Trampisch H.J.","Trampisch, Hans-Joachim (7003986893)","7003986893","After insurance mega-study. Is now the effectiveness of acupuncture proven?; [Nach Megastudie der Kassen: Ist die Wirkung der Akupunktur jetzt bewiesen?]","2004","MMW Fortschritte der Medizin","146","5","","13","","","0","","https://www.scopus.com/inward/record.uri?eid=2-s2.0-21644441331&partnerID=40&md5=38163353811250a601aa58c9d468a308","Article","Final","","Scopus","2-s2.0-21644441331"
"Seelig M.S.; Elin R.J.; Antman E.M.","Seelig, Mildred S. (7005062876); Elin, Ronald J. (7005522611); Antman, Elliott M. (7102107511)","7005062876; 7005522611; 7102107511","Magnesium in acute myocardial infarction: Still an open question","1998","Canadian Journal of Cardiology","14","5","","745","749","4","19","","https://www.scopus.com/inward/record.uri?eid=2-s2.0-0031835041&partnerID=40&md5=025c417d99dcea0d642c364f66d2f9ae","Review","Final","","Scopus","2-s2.0-0031835041"
"Kothny W.; Kaaden R.; Ludwig P.; Chase D.; Krekler M.","Kothny, Wolfgang (57213033741); Kaaden, Rosemarie (56614003300); Ludwig, Petra (36340415800); Chase, Dagmar (7101811195); Krekler, Michael (6507135733)","57213033741; 56614003300; 36340415800; 7101811195; 6507135733","Trial logistics, implementation, and conduct of the OCTAVE mega study in Germany: Prospective, randomised, double-blind study to compare the efficacy and tolerability of omapatrilat and enalapril","2004","Arzneimittel-Forschung/Drug Research","54","8","","474","479","5","1","10.1055/s-0031-1297001","https://www.scopus.com/inward/record.uri?eid=2-s2.0-4344696156&doi=10.1055%2fs-0031-1297001&partnerID=40&md5=61813e7aa0627003a40201f23fa907f5","Article","Final","","Scopus","2-s2.0-4344696156"
"Kawamura T.","Kawamura, Takahiko (16171203100)","16171203100","Cerebrovascular disease and diabetic patients with hypertension","2003","Nippon rinsho. Japanese journal of clinical medicine","61","7","","1175","1180","5","2","","https://www.scopus.com/inward/record.uri?eid=2-s2.0-0141613758&partnerID=40&md5=403ceb4c9d7455b228078224e15c58a1","Review","Final","","Scopus","2-s2.0-0141613758"
